No	区分	キーワード	SEO難易度	月間検索数	判定	検索意図	ページ種類	トピック
1	＋	登録免許税	29	14800	記事	Know（登録免許税の概要を知りたい）	解説記事	基礎解説
2	＋	登録免許税とは	29	5400	記事	Know（登録免許税の仕組みを理解したい）	解説記事	基礎解説
3	＋	登録免許税 計算	28	5400	計算ページ	Do（登録免許税を計算したい）	計算ツール	
4	＋	登録免許税 軽減措置	26	2900	記事	Know（軽減措置を確認したい）	解説記事	軽減措置
5	＋	登録免許税 計算方法	29	1900	計算ページ	Do（登録免許税を計算したい）	計算ツール	
6	＋	登録免許税法	42	1600	記事	Know（法律を確認したい）	解説記事	法律・規制
7	＋	登録免許税 相続	26	1600	記事	Know（相続時の登録免許税を知りたい）	解説記事	相続
8	＋	登録免許税 税率	28	590	記事	Know（税率を確認したい）	ガイド記事	税率
9	＋	登録免許税 勘定科目	44	590	記事	Do（会計処理を調べたい）	解説記事	会計処理
10	＋	登録免許税 いつ払う	31	720	記事	Know（納付方法を知りたい）	ガイド記事	納付方法
11	＋	登録免許税 法務局	46	590	記事	Know（登録免許税の概要を知りたい）	解説記事	基礎解説
12	＋	登録免許税 納付方法	39	390	記事	Know（法律を確認したい）	解説記事	法律・規制
13	＋	登録免許税 土地	28	590	記事	Know（不動産での登録免許税を知りたい）	解説記事	不動産特化
14	＋＋	登録免許税とは 不動産	N/A	30	記事	Know（登録免許税の仕組みを理解したい）	解説記事	基礎解説
15	＋＋	登録免許税とは 相続	N/A	30	記事	Know（登録免許税の仕組みを理解したい）	解説記事	基礎解説
16	＋＋	登録免許税とは わかりやすく	31	390	記事	Know（登録免許税の仕組みを理解したい）	解説記事	基礎解説
17	＋＋	登録免許税とは いくら	N/A	10	記事	Know（登録免許税の仕組みを理解したい）	解説記事	基礎解説
18	＋＋	登録免許税とは 登記	N/A	20	記事	Know（登録免許税の仕組みを理解したい）	解説記事	基礎解説
19	＋＋	登録免許税とは 宅建	N/A	10	記事	Know（登録免許税の仕組みを理解したい）	解説記事	基礎解説
20	＋＋	登録免許税とは 法人	N/A	10	記事	Know（登録免許税の仕組みを理解したい）	解説記事	基礎解説
21	＋＋	登録免許税とは 土地	N/A	10	記事	Know（登録免許税の仕組みを理解したい）	解説記事	基礎解説
22	＋＋	登録免許税とは 住宅	N/A	0	削除			検索なし
23	＋＋	登録免許税 計算 相続	28	480	計算ページ	Do（登録免許税を計算したい）	計算ツール	
24	＋＋	登録免許税 計算 切り捨て	N/A	90	計算ページ	Do（登録免許税を計算したい）	計算ツール	
25	＋＋	登録免許税 計算 マンション	N/A	110	計算ページ	Do（登録免許税を計算したい）	計算ツール	
26	＋＋	登録免許税 計算方法 相続	N/A	90	計算ページ	Do（登録免許税を計算したい）	計算ツール	
27	＋＋	登録免許税 計算式	N/A	50	計算ページ	Do（登録免許税を計算したい）	計算ツール	
28	＋＋	登録免許税 計算 土地と建物	N/A	20	計算ページ	Do（登録免許税を計算したい）	計算ツール	
29	＋＋	登録免許税 計算 贈与	N/A	20	計算ページ	Do（登録免許税を計算したい）	計算ツール	
30	＋＋	登録免許税 計算 建物	N/A	20	計算ページ	Do（登録免許税を計算したい）	計算ツール	
31	＋＋	登録免許税 軽減措置 要件	27	320	記事	Know（軽減措置を確認したい）	解説記事	軽減措置
32	＋＋	登録免許税 軽減措置 いつまで	N/A	50	記事	Know（軽減措置を確認したい）	解説記事	軽減措置
33	＋＋	登録免許税 軽減措置 土地	N/A	50	記事	Know（軽減措置を確認したい）	解説記事	軽減措置
34	＋＋	登録免許税 軽減措置 相続	N/A	140	記事	Know（軽減措置を確認したい）	解説記事	軽減措置
35	＋＋	登録免許税 軽減措置 申請 方法	N/A	70	記事	Know（軽減措置を確認したい）	解説記事	軽減措置
36	＋＋	登録免許税 軽減措置 手続き	N/A	70	記事	Know（軽減措置を確認したい）	解説記事	軽減措置
37	＋＋	登録免許税 軽減措置 宅建	N/A	30	記事	Know（軽減措置を確認したい）	解説記事	軽減措置
38	＋＋	登録免許税 軽減措置 司法書士	N/A	40	記事	Know（軽減措置を確認したい）	解説記事	軽減措置
39	＋＋	登録免許税 軽減措置 必要書類	N/A	110	記事	Know（軽減措置を確認したい）	解説記事	軽減措置
40	＋＋	登録免許税 計算方法 複数	N/A	0	削除			検索なし
41	＋＋	登録免許税 計算方法 マンション	N/A	0	削除			検索なし
42	＋＋	登録免許税 計算方法 法務局	N/A	10	計算ページ	Do（登録免許税を計算したい）	計算ツール	
43	＋＋	登録免許税 計算方法 切り捨て	N/A	0	削除			検索なし
44	＋＋	登録免許税 計算方法 土地	N/A	0	削除			検索なし
45	＋＋	登録免許税 計算方法 売買	N/A	10	計算ページ	Do（登録免許税を計算したい）	計算ツール	
46	＋＋	登録免許税 計算方法 贈与	N/A	10	計算ページ	Do（登録免許税を計算したい）	計算ツール	
47	＋＋	登録免許税 計算方法 建物	N/A	0	削除			検索なし
48	＋＋	登録免許税法第5条	N/A	140	記事	Know（登録免許税の具体条件を知りたい）	ガイド記事	具体例・ケース
49	＋＋	登録免許税法施行規則	N/A	140	記事	Know（登録免許税のルール・制度を知りたい）	解説記事	ルール・制度
50	＋＋	登録免許税法施行規則第12条第4項の規定に関する証明書	N/A	110	記事	Know（登録免許税の法律を確認したい）	解説記事	法律・規制
51	＋＋	登録免許税法第13条第2項	N/A	70	記事	Know（登録免許税の具体条件を知りたい）	ガイド記事	具体例・ケース
52	＋＋	登録免許税法施行令	N/A	70	記事	Know（法律を確認したい）	解説記事	法律・規制
53	＋＋	登録免許税法施行規則第12条第5項の規定に関する証明書	N/A	30	記事	Know（登録免許税の法律を確認したい）	解説記事	法律・規制
54	＋＋	登録免許税法17条1項	N/A	40	記事	Know（登録免許税の概要を知りたい）	解説記事	基礎解説
55	＋＋	登録免許税法7条2項	N/A	30	記事	Know（登録免許税の概要を知りたい）	解説記事	基礎解説
56	＋＋	登録免許税法第17条第4項	N/A	N/A	削除			検索なし
57	＋＋	登録免許税 相続 計算	27	140	計算ページ	Do（登録免許税を計算したい）	計算ツール	
58	＋＋	登録免許税 相続 免除	25	110	記事	Know（相続時の登録免許税を知りたい）	解説記事	相続
59	＋＋	登録免許税 相続登記	26	1600	記事	Know（相続時の登録免許税を知りたい）	解説記事	相続
60	＋＋	登録免許税 相続時精算課税	N/A	0	削除			検索なし
61	＋＋	登録免許税 相続 建物	N/A	20	記事	Know（相続時の登録免許税を知りたい）	解説記事	相続
62	＋＋	登録免許税 相続 贈与	N/A	20	記事	Know（相続時の登録免許税を知りたい）	解説記事	相続
63	＋＋	登録免許税 相続 税率	N/A	20	記事	Know（税率を確認したい）	ガイド記事	税率
64	＋＋	登録免許税 相続時	N/A	0	削除			検索なし
65	＋＋	登録免許税 相続税	N/A	10	記事	Know（相続時の登録免許税を知りたい）	解説記事	相続
66	＋＋	登録免許税 税率 過去	N/A	10	記事	Know（税率を確認したい）	ガイド記事	税率
67	＋＋	登録免許税 税率 相続	N/A	0	削除			検索なし
68	＋＋	登録免許税 税率 土地	N/A	10	記事	Know（税率を確認したい）	ガイド記事	税率
69	＋＋	登録免許税 税率 推移	N/A	10	記事	Know（税率を確認したい）	ガイド記事	税率
70	＋＋	登録免許税 税率表	N/A	N/A	削除			検索なし
71	＋＋	登録免許税 税率 一覧	N/A	0	削除			検索なし
72	＋＋	登録免許税 税率 贈与	N/A	0	削除			検索なし
73	＋＋	登録免許税 税率 軽減措置	N/A	0	削除			検索なし
74	＋＋	登録免許税 勘定科目 司法書士	N/A	30	記事	Do（会計処理を調べたい）	解説記事	会計処理
75	＋＋	登録免許税 勘定科目 消費税	N/A	0	削除			検索なし
76	＋＋	登録免許税 勘定科目 土地	N/A	0	削除			検索なし
77	＋＋	登録免許税 勘定科目 不動産	N/A	0	削除			検索なし
78	＋＋	登記 登録免許税 勘定科目	N/A	0	削除			検索なし
79	＋＋	会社設立 登録免許税 勘定科目	N/A	0	削除			検索なし
80	＋＋	法人 登録免許税 勘定科目	N/A	0	削除			検索なし
81	＋＋	所有権移転 登録免許税 勘定科目	N/A	0	削除			検索なし
82	＋＋	増資 登録免許税 勘定科目	N/A	0	削除			検索なし
83	＋＋	登録免許税 いつ払う 新築	N/A	10	記事	Know（納付方法を知りたい）	ガイド記事	納付方法
84	＋＋	登録免許税 いつ払う 土地	N/A	0	削除			検索なし
85	＋＋	会社設立 登録免許税 いつ払う	56	40	記事	Know（納付方法を知りたい）	ガイド記事	納付方法
86	＋＋	相続登記 登録免許税 いつ払う	32	20	記事	Know（相続時の登録免許税を知りたい）	解説記事	相続
87	＋＋	不動産 登録免許税 いつ払う	47	20	記事	Know（納付方法を知りたい）	ガイド記事	納付方法
88	＋＋	不動産取得税 登録免許税 いつ払う	N/A	0	削除			検索なし
89	＋＋	合同会社 登録免許税 いつ払う	N/A	0	削除			検索なし
90	＋＋	法人 登録免許税 いつ払う	N/A	0	削除			検索なし
91	＋＋	登記 登録免許税 いつ払う	N/A	0	削除			検索なし
92	＋＋	登録免許税 法務局 納付方法	N/A	0	削除			検索なし
93	＋＋	登録免許税 法務局 収入印紙	N/A	0	削除			検索なし
94	＋＋	登録免許税 法務局 計算	N/A	0	削除			検索なし
95	＋＋	登録免許税 法務局 税務署	N/A	0	削除			検索なし
96	＋＋	登録免許税 法務局で払う	N/A	0	削除			検索なし
97	＋＋	登録免許税 法務局認定価格	N/A	0	削除			検索なし
98	＋＋	公衆用道路 登録免許税 法務局	N/A	40	記事	Know（登録免許税の概要を知りたい）	解説記事	基礎解説
99	＋＋	会社設立 登録免許税 法務局	43	20	記事	Know（登録免許税の概要を知りたい）	解説記事	基礎解説
100	＋＋	用悪水路 登録免許税 法務局	N/A	0	削除			検索なし
101	＋＋	登録免許税 納付方法 法務局	N/A	70	記事	Know（納付方法を知りたい）	ガイド記事	納付方法
102	＋＋	登録免許税 納付方法 郵便局	N/A	90	記事	Know（納付方法を知りたい）	ガイド記事	納付方法
103	＋＋	登録免許税 納付方法 登記	N/A	10	記事	Know（納付方法を知りたい）	ガイド記事	納付方法
104	＋＋	登録免許税 納付方法 銀行	N/A	10	記事	Know（納付方法を知りたい）	ガイド記事	納付方法
105	＋＋	登録免許税 納付方法 郵送	N/A	0	削除			検索なし
106	＋＋	登録免許税 納付方法 税務署	N/A	70	記事	Know（納付方法を知りたい）	ガイド記事	納付方法
107	＋＋	登録免許税 土地 軽減	N/A	70	記事	Know（軽減措置を確認したい）	解説記事	軽減措置
108	＋＋	登録免許税 土地 計算	N/A	30	計算ページ	Do（登録免許税を計算したい）	計算ツール	
109	＋＋	登録免許税 土地 建物 計算方法	N/A	20	計算ページ	Do（登録免許税を計算したい）	計算ツール	
110	＋＋	登録免許税 土地 軽減 法人	N/A	N/A	削除			検索なし
111	＋＋	登録免許税 土地 取得価額	N/A	0	削除			検索なし
112	＋＋	登録免許税 土地 100万円以下	N/A	N/A	削除			検索なし
113	＋＋	登録免許税 土地 宅建	N/A	N/A	削除			検索なし
114	＋＋	登録免許税 土地 家屋	N/A	N/A	削除			検索なし
115	＋＋	登録免許税 土地 軽減措置 法人	N/A	N/A	削除			検索なし
116	＋α	登録免許税 0.4	N/A	20	記事	Know（登録免許税の具体的条件を知りたい）	ガイド記事	具体例・ケース
117	＋α	登録免許税 0円	N/A	10	記事	Know（登録免許税がゼロ・不要のケースを知りたい）	解説記事	非課税・ゼロ
118	＋α	登録免許税 0.7	N/A	0	削除			検索なし
119	＋α	登録免許税 0.3	N/A	0	削除			検索なし
120	＋α	登録免許税 0.2	N/A	0	削除			検索なし
121	＋α	登録免許税 0.6	N/A	N/A	削除			検索なし
122	＋α	登録免許税 1000円未満	N/A	110	記事	Know（登録免許税がゼロ・不要のケースを知りたい）	解説記事	非課税・ゼロ
123	＋α	登録免許税 100万円以下	N/A	50	記事	Know（金額別の登録免許税を知りたい）	ガイド記事	金額別
124	＋α	登録免許税 100円未満	N/A	30	記事	Know（登録免許税がゼロ・不要のケースを知りたい）	解説記事	非課税・ゼロ
125	＋α	登録免許税 1000万円以下	N/A	N/A	削除			検索なし
126	＋α	登録免許税 1000円	N/A	20	記事	Know（登録免許税がゼロ・不要のケースを知りたい）	解説記事	非課税・ゼロ
127	＋α	登録免許税 1.5	N/A	20	記事	Know（登録免許税の具体的条件を知りたい）	ガイド記事	具体例・ケース
128	＋α	登録免許税 15万円	N/A	0	削除			検索なし
129	＋α	登録免許税 100円未満切り捨て	N/A	0	削除			検索なし
130	＋α	登録免許税 1000万円	N/A	N/A	削除			検索なし
131	＋α	登録免許税 1000円以下	N/A	0	削除			検索なし
132	＋α	登録免許税 2	N/A	10	記事	Know（登録免許税の具体例を知りたい）	ガイド記事	具体例・ケース
133	＋α	登録免許税 2筆	N/A	0	削除			検索なし
134	＋α	登録免許税 2000円	N/A	0	削除			検索なし
135	＋α	登録免許税 2000万円	N/A	0	削除			検索なし
136	＋α	登録免許税 2025	N/A	0	削除			検索なし
137	＋α	登録免許税 2万円	N/A	0	削除			検索なし
138	＋α	登録免許税 20/1000	N/A	0	削除			検索なし
139	＋α	登録免許税 221	N/A	0	削除			検索なし
140	＋α	登録免許税 20万円	N/A	0	削除			検索なし
141	＋α	登録免許税 2分の1	N/A	0	削除			検索なし
142	＋α	登録免許税 3万円以上	N/A	20	記事	Know（金額別の登録免許税を知りたい）	ガイド記事	金額別
143	＋α	登録免許税 3万円	N/A	0	削除			検索なし
144	＋α	登録免許税 3万円以上 収入印紙	N/A	10	記事	Know（納付方法を知りたい）	ガイド記事	納付方法
145	＋α	登録免許税 30000円	N/A	0	削除			検索なし
146	＋α	登録免許税 300万円	N/A	0	削除			検索なし
147	＋α	登録免許税 3000万	N/A	0	削除			検索なし
148	＋α	登録免許税 3000円	N/A	N/A	削除			検索なし
149	＋α	登録免許税 3	N/A	0	削除			検索なし
150	＋α	登録免許税 30/100	N/A	0	削除			検索なし
151	＋α	相続登記 登録免許税 3万円以上	N/A	N/A	削除			検索なし
152	＋α	登録免許税 4条	N/A	0	削除			検索なし
153	＋α	登録免許税 4条1項	N/A	10	記事	Know（登録免許税の概要を知りたい）	解説記事	基礎解説
154	＋α	登録免許税 4/1000	N/A	0	削除			検索なし
155	＋α	登録免許税 4月	N/A	0	削除			検索なし
156	＋α	登録免許税 4000万円	N/A	0	削除			検索なし
157	＋α	登録免許税 4	N/A	0	削除			検索なし
158	＋α	登録免許税 40平米	N/A	N/A	削除			検索なし
159	＋α	登録免許税 40m2	N/A	0	削除			検索なし
160	＋α	登録免許税 4万円	N/A	0	削除			検索なし
161	＋α	登録免許税 50m2	N/A	0	削除			検索なし
162	＋α	登録免許税 5条	N/A	20	記事	Know（登録免許税の概要を知りたい）	解説記事	基礎解説
163	＋α	登録免許税 500万	N/A	0	削除			検索なし
164	＋α	登録免許税 5000万円	N/A	0	削除			検索なし
165	＋α	登録免許税 5条5号	N/A	N/A	削除			検索なし
166	＋α	登録免許税 5条4号	N/A	N/A	削除			検索なし
167	＋α	登録免許税 5条1項	N/A	0	削除			検索なし
168	＋α	登録免許税 5	N/A	0	削除			検索なし
169	＋α	登録免許税 5万円	N/A	0	削除			検索なし
170	＋α	登録免許税 500円	N/A	N/A	削除			検索なし
171	＋α	登録免許税 6万円	N/A	0	削除			検索なし
172	＋α	登録免許税 6万円 資格	N/A	20	記事	Know（金額別の登録免許税を知りたい）	ガイド記事	金額別
173	＋α	登録免許税 65号	N/A	0	削除			検索なし
174	＋α	登録免許税 6万	N/A	0	削除			検索なし
175	＋α	登録免許税 6000万円	N/A	0	削除			検索なし
176	＋α	登録免許税 収入印紙 6万円	N/A	0	削除			検索なし
177	＋α	登録免許税 75条	N/A	0	削除			検索なし
178	＋α	登録免許税 7条	N/A	0	削除			検索なし
179	＋α	登録免許税 73条	N/A	0	削除			検索なし
180	＋α	登録免許税 74条1項1号	N/A	0	削除			検索なし
181	＋α	登録免許税 7条2項	N/A	0	削除			検索なし
182	＋α	登録免許税 72条	N/A	0	削除			検索なし
183	＋α	登録免許税 78条1項	N/A	N/A	削除			検索なし
184	＋α	登録免許税 84条	N/A	0	削除			検索なし
185	＋α	登録免許税 9万円	N/A	10	記事	Know（金額別の登録免許税を知りたい）	ガイド記事	金額別
186	＋α	登録免許税 9000円	N/A	0	削除			検索なし
187	＋α	登録免許税 90000円	N/A	0	削除			検索なし
188	＋α	宅建 登録免許税 9万円	N/A	10	記事	Know（金額別の登録免許税を知りたい）	ガイド記事	金額別
189	＋α	90条登記 登録免許税	N/A	0	削除			検索なし
190	＋α	登録免許税 アパート	N/A	10	記事	Know（不動産での登録免許税を知りたい）	解説記事	不動産特化
191	＋α	登録免許税 啓さん	N/A	0	削除			検索なし
192	＋α	登録免許税 誤納付	N/A	0	削除			検索なし
193	＋α	登録免許税 atm	N/A	0	削除			検索なし
194	＋α	登録免許税 按分	N/A	0	削除			検索なし
195	＋α	登録免許税 上がる	N/A	0	削除			検索なし
196	＋α	登録免許税 愛知県	N/A	0	削除			検索なし
197	＋α	登録免許税 後払い	N/A	0	削除			検索なし
198	＋α	登録免許税 預り金	N/A	0	削除			検索なし
199	＋α	登録免許税 誤り	N/A	0	削除			検索なし
200	＋α	登録免許税 いくら	31	260	記事	Know（登録免許税の金額・相場を知りたい）	ガイド記事	相場ガイド
201	＋α	登録免許税 印紙	N/A	170	記事	Know（登録免許税の概要を知りたい）	解説記事	基礎解説
202	＋α	登録免許税 一覧	N/A	70	記事	Know（登録免許税の金額・相場を知りたい）	ガイド記事	相場ガイド
203	＋α	登録免許税 印紙 どこで買う	N/A	0	削除			検索なし
204	＋α	登録免許税 移転登記	N/A	20	記事	Know（登記タイプ別の税額を知りたい）	ガイド記事	登記タイプ別
205	＋α	登録免許税 遺贈	24	210	記事	Know（相続時の登録免許税を知りたい）	解説記事	相続
206	＋α	登録免許税 いつ	N/A	30	記事	Know（納付方法を知りたい）	ガイド記事	納付方法
207	＋α	登録免許税 いくらかかる	N/A	N/A	削除			検索なし
208	＋α	登録免許税 印紙税 違い	N/A	30	記事	Know（登録免許税のメリット・リスクを知りたい）	解説記事	比較・検討
209	＋α	登録免許税 売主 買主	N/A	0	削除			検索なし
210	＋α	登録免許税 売主負担	N/A	20	記事	Know（登録免許税の概要を知りたい）	解説記事	基礎解説
211	＋α	登録免許税 売主	N/A	10	記事	Know（登録免許税の概要を知りたい）	解説記事	基礎解説
212	＋α	登録免許税 wiki	N/A	0	削除			検索なし
213	＋α	登録免許税 内訳 記載方法	N/A	0	削除			検索なし
214	＋α	登録免許税 英語	N/A	90	削除			翻訳KW
215	＋α	登録免許税 e-tax	N/A	20	記事	Do（登録免許税の電子手続き・支払方法を知りたい）	ガイド記事	支払い方法
216	＋α	登録免許税 延長	N/A	10	記事	Know（登録免許税の概要を知りたい）	解説記事	基礎解説
217	＋α	登録免許税 延滞税	N/A	0	削除			検索なし
218	＋α	登録免許税 e-gov	N/A	0	削除			検索なし
219	＋α	登録免許税 延滞	N/A	0	削除			検索なし
220	＋α	登録免許税 営業外費用	N/A	0	削除			検索なし
221	＋α	登録免許税 延滞金	N/A	N/A	削除			検索なし
222	＋α	登録免許税 エクセル	N/A	0	削除			検索なし
223	＋α	登録免許税 営業外	N/A	0	削除			検索なし
224	＋α	登録免許税 納め方	N/A	30	記事	Know（登録免許税の概要を知りたい）	解説記事	基礎解説
225	＋α	登録免許税 覚え方	N/A	20	記事	Know（登録免許税の概要を知りたい）	解説記事	基礎解説
226	＋α	登録免許税 オンライン納付	N/A	20	記事	Know（納付方法を知りたい）	ガイド記事	納付方法
227	＋α	登録免許税 表	N/A	20	記事	Do（登録免許税の書式を確認したい）	ハウツー記事	書式
228	＋α	登録免許税 オンライン申請	N/A	10	記事	Do（登録免許税の申告をしたい）	ハウツー記事	申告・届出
229	＋α	登録免許税 覚え方 宅建	N/A	N/A	削除			検索なし
230	＋α	登録免許税 多く払った	N/A	0	削除			検索なし
231	＋α	登録免許税 還付	24	170	記事	Know（登録免許税の還付を知りたい）	解説記事	還付
232	＋α	登録免許税 課税標準	N/A	90	記事	Know（登録免許税の概要を知りたい）	解説記事	基礎解説
233	＋α	登録免許税 還付請求書	N/A	110	記事	Know（登録免許税の還付を知りたい）	解説記事	還付
234	＋α	登録免許税 会社設立	27	260	記事	Know（登録免許税の概要を知りたい）	解説記事	基礎解説
235	＋α	登録免許税 課税価格	N/A	170	記事	Know（登録免許税の概要を知りたい）	解説記事	基礎解説
236	＋α	登録免許税 科目	N/A	70	記事	Do（登録免許税の会計処理を調べたい）	解説記事	会計処理
237	＋α	登録免許税 課税標準額	N/A	30	記事	Know（登録免許税の概要を知りたい）	解説記事	基礎解説
238	＋α	登録免許税 何税	N/A	30	記事	Know（登録免許税の概要を知りたい）	解説記事	基礎解説
239	＋α	登録免許税 株式会社	N/A	170	記事	Know（金融商品の登録免許税を知りたい）	解説記事	金融商品
240	＋α	登録免許税 切り捨て	N/A	140	記事	Know（登録免許税の概要を知りたい）	解説記事	基礎解説
241	＋α	登録免許税 金額	N/A	70	記事	Know（登録免許税の金額・相場を知りたい）	ガイド記事	相場ガイド
242	＋α	登録免許税 居住用 軽減	N/A	20	記事	Know（軽減措置を確認したい）	解説記事	軽減措置
243	＋α	登録免許税 共有名義	N/A	20	記事	Know（登録免許税の概要を知りたい）	解説記事	基礎解説
244	＋α	登録免許税 共有物分割	N/A	10	記事	Do（登録免許税の延納・分割を知りたい）	ハウツー記事	延納・分割
245	＋α	登録免許税 共有持分	N/A	10	記事	Know（登録免許税の概要を知りたい）	解説記事	基礎解説
246	＋α	登録免許税 記入例	N/A	N/A	削除			検索なし
247	＋α	登録免許税 居住用	N/A	10	記事	Know（登録免許税の概要を知りたい）	解説記事	基礎解説
248	＋α	登録免許税 金融機関	N/A	0	削除			検索なし
249	＋α	登録免許税 起業	N/A	0	削除			検索なし
250	＋α	登録免許税 クレジットカード	N/A	40	記事	Do（登録免許税の電子手続き・支払方法を知りたい）	ガイド記事	支払い方法
251	＋α	登録免許税 区分	N/A	20	記事	Know（登録免許税の概要を知りたい）	解説記事	基礎解説
252	＋α	登録免許税 繰延資産	N/A	0	削除			検索なし
253	＋α	登録免許税 区分マンション	N/A	0	削除			検索なし
254	＋α	登録免許税 区分所有建物	N/A	N/A	削除			検索なし
255	＋α	登録免許税 クレジットカード納付	N/A	N/A	削除			検索なし
256	＋α	登録免許税 軽減	26	260	記事	Know（軽減措置を確認したい）	解説記事	軽減措置
257	＋α	登録免許税 軽減税率	N/A	70	記事	Know（軽減措置を確認したい）	解説記事	軽減措置
258	＋α	登録免許税 国税	N/A	170	記事	Know（登録免許税の概要を知りたい）	解説記事	基礎解説
259	＋α	登録免許税 固定資産税評価額	N/A	70	記事	Know（登録免許税の概要を知りたい）	解説記事	基礎解説
260	＋α	登録免許税 公衆用道路	N/A	70	記事	Know（登録免許税の概要を知りたい）	解説記事	基礎解説
261	＋α	登録免許税 国税 地方税	N/A	30	記事	Know（登録免許税の概要を知りたい）	解説記事	基礎解説
262	＋α	登録免許税 控除	N/A	30	記事	Know（登録免許税の控除・軽減を知りたい）	解説記事	控除・特例
263	＋α	登録免許税 国税庁	N/A	170	記事	Know（登録免許税の概要を知りたい）	解説記事	基礎解説
264	＋α	登録免許税 交換	N/A	70	記事	Know（登録免許税の概要を知りたい）	解説記事	基礎解説
265	＋α	登録免許税 固定資産税	N/A	20	記事	Know（登録免許税の概要を知りたい）	解説記事	基礎解説
266	＋α	登録免許税 公衆用道路 計算方法	N/A	20	計算ページ	Do（登録免許税を計算したい）	計算ツール	
267	＋α	登録免許税 固定資産	N/A	10	記事	Know（登録免許税の概要を知りたい）	解説記事	基礎解説
268	＋α	登録免許税 最低額	N/A	30	記事	Know（登録免許税の概要を知りたい）	解説記事	基礎解説
269	＋α	登録免許税 算出方法	N/A	30	記事	Know（法律を確認したい）	解説記事	法律・規制
270	＋α	登録免許税 算出	N/A	30	記事	Know（登録免許税の概要を知りたい）	解説記事	基礎解説
271	＋α	登録免許税 再使用証明	N/A	0	削除			検索なし
272	＋α	登録免許税 算定	N/A	10	記事	Know（登録免許税の概要を知りたい）	解説記事	基礎解説
273	＋α	登録免許税 再使用証明 還付	N/A	0	削除			検索なし
274	＋α	登録免許税 産業競争力強化法	N/A	0	削除			検索なし
275	＋α	登録免許税 再使用証明申出書	N/A	10	記事	Know（登録免許税の概要を知りたい）	解説記事	基礎解説
276	＋α	登録免許税 再開発	N/A	0	削除			検索なし
277	＋α	登録免許税 収入印紙	42	320	記事	Know（納付方法を知りたい）	ガイド記事	納付方法
278	＋α	登録免許税 支払方法	32	210	記事	Know（法律を確認したい）	解説記事	法律・規制
279	＋α	登録免許税 所有権移転	27	590	記事	Know（登記タイプ別の税額を知りたい）	ガイド記事	登記タイプ別
280	＋α	登録免許税 消費税	N/A	140	記事	Know（登録免許税の概要を知りたい）	解説記事	基礎解説
281	＋α	登録免許税 資本金	N/A	210	記事	Know（登録免許税の概要を知りたい）	解説記事	基礎解説
282	＋α	登録免許税 取得価額	N/A	70	記事	Know（登録免許税の概要を知りたい）	解説記事	基礎解説
283	＋α	登録免許税 仕訳	N/A	90	記事	Do（会計処理を調べたい）	解説記事	会計処理
284	＋α	登録免許税 新築	N/A	170	記事	Know（登録免許税の概要を知りたい）	解説記事	基礎解説
285	＋α	登録免許税 司法書士	N/A	140	記事	Know（登録免許税の概要を知りたい）	解説記事	基礎解説
286	＋α	登録免許税 収入印紙 どこで買う	N/A	30	記事	Know（納付方法を知りたい）	ガイド記事	納付方法
287	＋α	登録免許税 数次相続	N/A	0	削除			検索なし
288	＋α	登録免許税 推移	N/A	10	記事	Know（登録免許税の概要を知りたい）	解説記事	基礎解説
289	＋α	登録免許税 水路	N/A	0	削除			検索なし
290	＋α	スマート変更登記 登録免許税	N/A	30	記事	Know（登録免許税の改正内容を知りたい）	解説記事	法改正
291	＋α	スマート登記 登録免許税	N/A	0	削除			検索なし
292	＋α	数次相続 中間省略登記 登録免許税	N/A	0	削除			検索なし
293	＋α	数次相続 登録免許税 建物	N/A	0	削除			検索なし
294	＋α	法人設立 ワンストップサービ ス 登録免許税	N/A	0	削除			検索なし
295	＋α	水道用地 登録免許税	N/A	0	削除			検索なし
296	＋α	ストックオプション 登録免許税	N/A	0	削除			検索なし
297	＋α	登録免許税 設立	N/A	20	記事	Know（登録免許税の概要を知りたい）	解説記事	基礎解説
298	＋α	登録免許税 生前贈与	N/A	20	記事	Know（相続時の登録免許税を知りたい）	解説記事	相続
299	＋α	登録免許税 セカンドハウス	N/A	0	削除			検索なし
300	＋α	登録免許税 千円未満	N/A	10	記事	Know（登録免許税の概要を知りたい）	解説記事	基礎解説
301	＋α	登録免許税 生活保護	N/A	0	削除			検索なし
302	＋α	登録免許税 船舶	N/A	0	削除			検索なし
303	＋α	登録免許税 1500万円	N/A	N/A	削除			検索なし
304	＋α	登録免許税 損金算入	N/A	40	記事	Know（登録免許税の概要を知りたい）	解説記事	基礎解説
305	＋α	登録免許税 租税公課	N/A	40	記事	Know（登録免許税の概要を知りたい）	解説記事	基礎解説
306	＋α	登録免許税 相場	N/A	20	記事	Know（登録免許税の金額・相場を知りたい）	ガイド記事	相場ガイド
307	＋α	登録免許税 建物	30	260	記事	Know（登録免許税の概要を知りたい）	解説記事	基礎解説
308	＋α	登録免許税 宅建	25	210	記事	Know（登録免許税の概要を知りたい）	解説記事	基礎解説
309	＋α	登録免許税 誰が払う	N/A	90	記事	Know（登録免許税の概要を知りたい）	解説記事	基礎解説
310	＋α	登録免許税 高い	N/A	20	記事	Know（登録免許税の金額を知りたい）	ガイド記事	金額
311	＋α	登録免許税 建物 計算	N/A	20	計算ページ	Do（登録免許税を計算したい）	計算ツール	
312	＋α	登録免許税 高すぎる	N/A	0	削除			検索なし
313	＋α	登録免許税 担保設定	N/A	10	記事	Know（登記タイプ別の税額を知りたい）	ガイド記事	登記タイプ別
314	＋α	登録免許税 宅地	N/A	N/A	削除			検索なし
315	＋α	登録免許税 対象	N/A	10	記事	Know（登録免許税の概要を知りたい）	解説記事	基礎解説
316	＋α	登録免許税 誰が負担	N/A	0	削除			検索なし
317	＋α	登録免許税 長期優良住宅	N/A	170	記事	Know（登録免許税の概要を知りたい）	解説記事	基礎解説
318	＋α	登録免許税 地方税	N/A	30	記事	Know（登録免許税の概要を知りたい）	解説記事	基礎解説
319	＋α	登録免許税 中古住宅	N/A	30	記事	Know（登録免許税の概要を知りたい）	解説記事	基礎解説
320	＋α	登録免許税 中古マンション	N/A	20	記事	Know（不動産での登録免許税を知りたい）	解説記事	不動産特化
321	＋α	登録免許税 地目変更	N/A	70	記事	Know（登録免許税の改正内容を知りたい）	解説記事	法改正
322	＋α	登録免許税 地方公共団体	N/A	20	記事	Know（登録免許税の概要を知りたい）	解説記事	基礎解説
323	＋α	登録免許税 地上権	N/A	10	記事	Know（登録免許税の概要を知りたい）	解説記事	基礎解説
324	＋α	登録免許税 地目	N/A	10	記事	Know（登録免許税の概要を知りたい）	解説記事	基礎解説
325	＋α	登録免許税 直接税	N/A	10	記事	Know（登録免許税の概要を知りたい）	解説記事	基礎解説
326	＋α	登録免許税 長期優良	N/A	10	記事	Know（登録免許税の概要を知りたい）	解説記事	基礎解説
327	＋α	登録免許税 ツ	N/A	0	削除			検索なし
328	＋α	登録免許税 追加設定	N/A	0	削除			検索なし
329	＋α	登録免許税 追徴	N/A	0	削除			検索なし
330	＋α	登録免許税 追加納付	N/A	0	削除			検索なし
331	＋α	登録免許税 ツール	N/A	0	削除			検索なし
332	＋α	登録免許税 通達	N/A	10	記事	Know（登録免許税の概要を知りたい）	解説記事	基礎解説
333	＋α	登録免許税 通知書	N/A	0	削除			検索なし
334	＋α	登録免許税 通知	N/A	0	削除			検索なし
335	＋α	登録免許税 使い道	N/A	0	削除			検索なし
336	＋α	登録免許税 追徴金	N/A	0	削除			検索なし
337	＋α	登録免許税 抵当権設定	27	880	記事	Know（登記タイプ別の税額を知りたい）	ガイド記事	登記タイプ別
338	＋α	登録免許税 抵当権	26	320	記事	Know（登記タイプ別の税額を知りたい）	ガイド記事	登記タイプ別
339	＋α	登録免許税 抵当権抹消	24	260	記事	Know（登記タイプ別の税額を知りたい）	ガイド記事	登記タイプ別
340	＋α	登録免許税 抵当権設定 軽減	N/A	10	記事	Know（軽減措置を確認したい）	解説記事	軽減措置
341	＋α	登録免許税 手数料	N/A	10	記事	Know（登録免許税の概要を知りたい）	解説記事	基礎解説
342	＋α	登録免許税 定款変更	N/A	10	記事	Know（登録免許税の改正内容を知りたい）	解説記事	法改正
343	＋α	登録免許税 手続き	N/A	10	記事	Do（登録免許税の手続き・対策を知りたい）	ハウツー記事	手続き・対策
344	＋α	登録免許税 抵当権設定登記	26	140	記事	Know（登記タイプ別の税額を知りたい）	ガイド記事	登記タイプ別
345	＋α	登録免許税 抵当権 税率	N/A	0	削除			検索なし
346	＋α	登録免許税 抵当権設定 計算	N/A	10	計算ページ	Do（登録免許税を計算したい）	計算ツール	
347	＋α	登録免許税 とは	29	5400	記事	Know（登録免許税の仕組みを理解したい）	解説記事	基礎解説
348	＋α	登録免許税 登記費用	31	320	記事	Know（登録免許税の概要を知りたい）	解説記事	基礎解説
349	＋α	登録免許税 登記	29	480	記事	Know（登録免許税の概要を知りたい）	解説記事	基礎解説
350	＋α	登録免許税 登記費用 違い	N/A	50	記事	Know（登録免許税のメリット・リスクを知りたい）	解説記事	比較・検討
351	＋α	登録免許税 特例	N/A	40	記事	Know（軽減措置を確認したい）	解説記事	軽減措置
352	＋α	登録免許税 土地と建物	N/A	20	記事	Know（不動産での登録免許税を知りたい）	解説記事	不動産特化
353	＋α	登録免許税 土地 売買	26	210	記事	Know（不動産での登録免許税を知りたい）	解説記事	不動産特化
354	＋α	登録免許税 何パーセント	N/A	0	削除			検索なし
355	＋α	登録免許税 なぜ必要	N/A	0	削除			検索なし
356	＋α	登録免許税 なぜ	N/A	10	記事	Know（登録免許税の概要を知りたい）	解説記事	基礎解説
357	＋α	登録免許税 名寄帳	N/A	0	削除			検索なし
358	＋α	登録免許税 何のため	N/A	0	削除			検索なし
359	＋α	登録免許税 なに	N/A	N/A	削除			検索なし
360	＋α	登録免許税 何にかかる	N/A	0	削除			検索なし
361	＋α	登録免許税 何回払う	N/A	0	削除			検索なし
362	＋α	登録免許税 何で払う	N/A	0	削除			検索なし
363	＋α	登録免許税 日本政策金融公庫	N/A	10	記事	Know（登録免許税の概要を知りたい）	解説記事	基礎解説
364	＋α	登録免許税 認可地縁団体	N/A	0	削除			検索なし
365	＋α	登録免許税 日本銀行	N/A	0	削除			検索なし
366	＋α	登録免許税 認定価格	N/A	0	削除			検索なし
367	＋α	登録免許税 二重課税	N/A	0	削除			検索なし
368	＋α	登録免許税 二級建築士	N/A	0	削除			検索なし
369	＋α	登録免許税 納付書 入手方法	N/A	90	記事	Know（法律を確認したい）	解説記事	法律・規制
370	＋α	日本政策金融公庫 登録免許税 非課税 根拠条文	N/A	50	記事	Know（法律を確認したい）	解説記事	法律・規制
371	＋α	日本政策金融公庫 登録免許税 非課税	N/A	20	記事	Know（登録免許税の控除・軽減を知りたい）	解説記事	控除・特例
372	＋α	登録免許税 根抵当権	N/A	40	記事	Know（登記タイプ別の税額を知りたい）	ガイド記事	登記タイプ別
373	＋α	登録免許税 年度	N/A	10	記事	Know（登録免許税の概要を知りたい）	解説記事	基礎解説
374	＋α	登録免許税 根抵当権設定	N/A	10	記事	Know（登記タイプ別の税額を知りたい）	ガイド記事	登記タイプ別
375	＋α	登録免許税 値段	N/A	0	削除			検索なし
376	＋α	登録免許税 ネットバンキング	N/A	0	削除			検索なし
377	＋α	登録免許税 根抵当権抹消	N/A	0	削除			検索なし
378	＋α	登録免許税 納付書	44	320	記事	Know（納付方法を知りたい）	ガイド記事	納付方法
379	＋α	登録免許税 納付書 書き方	N/A	170	記事	Know（納付方法を知りたい）	ガイド記事	納付方法
380	＋α	登録免許税 納付	41	110	記事	Know（納付方法を知りたい）	ガイド記事	納付方法
381	＋α	登録免許税 納付先	N/A	50	記事	Know（納付方法を知りたい）	ガイド記事	納付方法
382	＋α	登録免許税 納税義務者	N/A	40	記事	Know（登録免許税の概要を知りたい）	解説記事	基礎解説
383	＋α	登録免許税 納税地	N/A	N/A	削除			検索なし
384	＋α	登録免許税 納付書 税務署	N/A	70	記事	Know（納付方法を知りたい）	ガイド記事	納付方法
385	＋α	登録免許税 端数	N/A	90	記事	Know（登録免許税の概要を知りたい）	解説記事	基礎解説
386	＋α	登録免許税 払い方	N/A	90	記事	Know（登録免許税の概要を知りたい）	解説記事	基礎解説
387	＋α	登録免許税 半額	N/A	40	記事	Know（登録免許税の概要を知りたい）	解説記事	基礎解説
388	＋α	登録免許税 貼り付け用紙	N/A	0	削除			検索なし
389	＋α	登録免許税 払う人	N/A	0	削除			検索なし
390	＋α	登録免許税 判例	N/A	0	削除			検索なし
391	＋α	登録免許税 廃止	N/A	0	削除			検索なし
392	＋α	登録免許税 早見表	N/A	0	削除			検索なし
393	＋α	登録免許税 払い過ぎ	N/A	0	削除			検索なし
394	＋α	登録免許税 払うタイミング	N/A	0	削除			検索なし
395	＋α	登録免許税 非課税	30	210	記事	Know（登録免許税の控除・軽減を知りたい）	解説記事	控除・特例
396	＋α	登録免許税 表題登記	N/A	40	記事	Know（登録免許税の概要を知りたい）	解説記事	基礎解説
397	＋α	登録免許税 非課税 不課税	N/A	40	記事	Know（登録免許税の控除・軽減を知りたい）	解説記事	控除・特例
398	＋α	登録免許税 評価額	N/A	50	記事	Know（登録免許税の概要を知りたい）	解説記事	基礎解説
399	＋α	登録免許税 費用	N/A	30	記事	Know（登録免許税の概要を知りたい）	解説記事	基礎解説
400	＋α	登録免許税 非課税証明書	N/A	50	記事	Know（登録免許税の控除・軽減を知りたい）	解説記事	控除・特例
401	＋α	登録免許税 非課税 法人	N/A	30	記事	Know（登録免許税の控除・軽減を知りたい）	解説記事	控除・特例
402	＋α	登録免許税 非課税証明	N/A	20	記事	Know（登録免許税の控除・軽減を知りたい）	解説記事	控除・特例
403	＋α	登録免許税 非課税の土地	N/A	40	記事	Know（登録免許税の控除・軽減を知りたい）	解説記事	控除・特例
404	＋α	登録免許税 不動産	28	1300	記事	Know（不動産での登録免許税を知りたい）	解説記事	不動産特化
405	＋α	登録免許税 不動産取得税	28	320	記事	Know（不動産での登録免許税を知りたい）	解説記事	不動産特化
406	＋α	登録免許税 不動産取得税 違い	N/A	50	記事	Know（登録免許税のメリット・リスクを知りたい）	解説記事	比較・検討
407	＋α	登録免許税 不動産登記	39	320	記事	Know（不動産での登録免許税を知りたい）	解説記事	不動産特化
408	＋α	登録免許税 不課税	N/A	30	記事	Know（登録免許税の概要を知りたい）	解説記事	基礎解説
409	＋α	登録免許税 負担者	N/A	20	記事	Know（登録免許税の概要を知りたい）	解説記事	基礎解説
410	＋α	登録免許税 不動産売買	N/A	20	記事	Know（不動産での登録免許税を知りたい）	解説記事	不動産特化
411	＋α	登録免許税 不動産取得税 計算	N/A	20	計算ページ	Do（登録免許税を計算したい）	計算ツール	
412	＋α	登録免許税 複数の土地	N/A	20	記事	Know（不動産での登録免許税を知りたい）	解説記事	不動産特化
413	＋α	登録免許税 不動産 税率	N/A	0	削除			検索なし
414	＋α	登録免許税 返金	N/A	0	削除			検索なし
415	＋α	登録免許税 平均	N/A	0	削除			検索なし
416	＋α	登録免許税 変更登記	N/A	10	記事	Know（登録免許税の改正内容を知りたい）	解説記事	法改正
417	＋α	登録免許税 変更	N/A	10	記事	Know（登録免許税の改正内容を知りたい）	解説記事	法改正
418	＋α	登録免許税 変遷	N/A	0	削除			検索なし
419	＋α	登録免許税 平米単価	N/A	0	削除			検索なし
420	＋α	登録免許税 併用住宅	N/A	0	削除			検索なし
421	＋α	登録免許税 変換	N/A	0	削除			検索なし
422	＋α	登録免許税 平成17年	N/A	0	削除			検索なし
423	＋α	登録免許税 平成15年	N/A	0	削除			検索なし
424	＋α	登録免許税 法人	41	90	記事	Know（登録免許税の概要を知りたい）	解説記事	基礎解説
425	＋α	登録免許税 法人登記	N/A	110	記事	Know（登録免許税の概要を知りたい）	解説記事	基礎解説
426	＋α	登録免許税 保存登記	N/A	260	記事	Know（登録免許税の概要を知りたい）	解説記事	基礎解説
427	＋α	登録免許税 法律	N/A	30	記事	Know（法律を確認したい）	解説記事	法律・規制
428	＋α	登録免許税 法人設立	N/A	30	記事	Know（登録免許税の概要を知りたい）	解説記事	基礎解説
429	＋α	登録免許税 放棄	N/A	20	記事	Know（登録免許税の概要を知りたい）	解説記事	基礎解説
430	＋α	登録免許税 本店移転	N/A	20	記事	Know（登記タイプ別の税額を知りたい）	ガイド記事	登記タイプ別
431	＋α	登録免許税 法	42	1600	記事	Know（法律を確認したい）	解説記事	法律・規制
432	＋α	登録免許税 マンション	N/A	140	記事	Know（不動産での登録免許税を知りたい）	解説記事	不動産特化
433	＋α	登録免許税 抹消登記	N/A	10	記事	Know（登記タイプ別の税額を知りたい）	ガイド記事	登記タイプ別
434	＋α	登録免許税 マンション 計算	N/A	10	計算ページ	Do（登録免許税を計算したい）	計算ツール	
435	＋α	登録免許税 毎年	N/A	0	削除			検索なし
436	＋α	登録免許税 マンション 抵当権抹消	N/A	0	削除			検索なし
437	＋α	登録免許税 間違えた	N/A	10	記事	Know（登録免許税の概要を知りたい）	解説記事	基礎解説
438	＋α	登録免許税 マイナポータル	N/A	0	削除			検索なし
439	＋α	登録免許税 マンション購入	N/A	0	削除			検索なし
440	＋α	登録免許税 マンション 相続	N/A	10	記事	Know（相続時の登録免許税を知りたい）	解説記事	相続
441	＋α	登録免許税 マンション 計算方法	N/A	0	削除			検索なし
442	＋α	登録免許税 三井	N/A	0	削除			検索なし
443	＋α	登録免許税 三井のリハウス	N/A	N/A	削除			検索なし
444	＋α	登録免許税 未登記建物	N/A	0	削除			検索なし
445	＋α	登録免許税 未登記	N/A	0	削除			検索なし
446	＋α	登録免許税 未納	N/A	0	削除			検索なし
447	＋α	登録免許税 三菱ufj	N/A	0	削除			検索なし
448	＋α	登録免許税 三井住友銀行	N/A	0	削除			検索なし
449	＋α	登録免許税 未登記家屋	N/A	0	削除			検索なし
450	＋α	登録免許税 みずほ銀行	N/A	0	削除			検索なし
451	＋α	登録免許税 民泊	N/A	0	削除			検索なし
452	＋α	登録免許税 無料	N/A	0	削除			検索なし
453	＋α	登録免許税 無償譲渡	N/A	0	削除			検索なし
454	＋α	登録免許税 無税	N/A	0	削除			検索なし
455	＋α	登録免許税 無線局	N/A	0	削除			検索なし
456	＋α	登録免許税 無人航空機	N/A	0	削除			検索なし
457	＋α	登録免許税 昔	N/A	0	削除			検索なし
458	＋α	相続登記 登録免許税 無料	N/A	0	削除			検索なし
459	＋α	無対価合併 登録免許税	N/A	0	削除			検索なし
460	＋α	無償増資 登録免許税	N/A	0	削除			検索なし
461	＋α	土地 無償譲渡 登録免許税	N/A	0	削除			検索なし
462	＋α	登録免許税 免除	25	260	記事	Know（登録免許税の控除・軽減を知りたい）	解説記事	控除・特例
463	＋α	登録免許税 免税	N/A	90	記事	Know（登録免許税の概要を知りたい）	解説記事	基礎解説
464	＋α	登録免許税 免除 条件	33	90	記事	Know（登録免許税の控除・軽減を知りたい）	解説記事	控除・特例
465	＋α	登録免許税 免税点	N/A	20	記事	Know（登録免許税の概要を知りたい）	解説記事	基礎解説
466	＋α	登録免許税 免税措置	N/A	50	記事	Know（登録免許税の概要を知りたい）	解説記事	基礎解説
467	＋α	登録免許税 名義変更	N/A	10	記事	Know（登録免許税の改正内容を知りたい）	解説記事	法改正
468	＋α	登録免許税 目安	N/A	10	記事	Know（登録免許税の金額・相場を知りたい）	ガイド記事	相場ガイド
469	＋α	登録免許税 免除 相続	N/A	N/A	削除			検索なし
470	＋α	登録免許税 面積	N/A	0	削除			検索なし
471	＋α	登録免許税 免税 相続	N/A	N/A	削除			検索なし
472	＋α	登録免許税 持分 計算	N/A	40	計算ページ	Do（登録免許税を計算したい）	計算ツール	
473	＋α	登録免許税 持分	N/A	10	記事	Know（登録免許税の概要を知りたい）	解説記事	基礎解説
474	＋α	登録免許税 目的	N/A	0	削除			検索なし
475	＋α	登録免許税 持ち分	N/A	0	削除			検索なし
476	＋α	登録免許税 持分移転	N/A	10	記事	Know（登記タイプ別の税額を知りたい）	ガイド記事	登記タイプ別
477	＋α	登録免許税 役員変更	N/A	170	記事	Know（登録免許税の改正内容を知りたい）	解説記事	法改正
478	＋α	登録免許税 山林	N/A	10	記事	Know（登録免許税の概要を知りたい）	解説記事	基礎解説
479	＋α	登録免許税 安くする方法	N/A	0	削除			検索なし
480	＋α	登録免許税 役員登記	N/A	0	削除			検索なし
481	＋α	登録免許税 役員変更登記	N/A	10	記事	Know（登録免許税の改正内容を知りたい）	解説記事	法改正
482	＋α	登録免許税 安くなる	N/A	0	削除			検索なし
483	＋α	登録免許税 薬剤師	N/A	10	記事	Know（登録免許税の概要を知りたい）	解説記事	基礎解説
484	＋α	登録免許税 役員	N/A	0	削除			検索なし
485	＋α	登録免許税 役員重任	N/A	0	削除			検索なし
486	＋α	登録免許税 安く	N/A	0	削除			検索なし
487	＋α	登録免許税 郵便局	N/A	70	記事	Know（登録免許税の概要を知りたい）	解説記事	基礎解説
488	＋α	登録免許税 床面積	N/A	10	記事	Know（登録免許税の概要を知りたい）	解説記事	基礎解説
489	＋α	登録免許税 ゆうちょ銀行	N/A	10	記事	Know（登録免許税の概要を知りたい）	解説記事	基礎解説
490	＋α	登録免許税 郵便局 窓口	N/A	N/A	削除			検索なし
491	＋α	登録免許税 優遇措置	N/A	0	削除			検索なし
492	＋α	登録免許税 郵便局 支払い	N/A	10	記事	Know（納付方法を知りたい）	ガイド記事	納付方法
493	＋α	登録免許税 用紙	N/A	20	記事	Know（登録免許税の概要を知りたい）	解説記事	基礎解説
494	＋α	登録免許税 用悪水路	N/A	10	記事	Know（登録免許税の概要を知りたい）	解説記事	基礎解説
495	＋α	登録免許税 要件	N/A	0	削除			検索なし
496	＋α	登録免許税 横浜市	N/A	0	削除			検索なし
497	＋α	登録免許税 様式	N/A	0	削除			検索なし
498	＋α	登録免許税 ランキング	N/A	0	削除			検索なし
499	＋α	国家資格 登録免許税 ランキング	N/A	30	記事	Buy（登録免許税関連のサービスを選びたい）	比較記事	おすすめ・比較
500	＋α	ラピダス 登録免許税	N/A	0	削除			検索なし
501	＋α	登録免許税 領収書	N/A	70	記事	Know（登録免許税の概要を知りたい）	解説記事	基礎解説
502	＋α	登録免許税 領収証書	N/A	70	記事	Know（登録免許税の概要を知りたい）	解説記事	基礎解説
503	＋α	登録免許税 率	N/A	70	記事	Know（登録免許税の概要を知りたい）	解説記事	基礎解説
504	＋α	登録免許税 領収証書 税務署	N/A	0	削除			検索なし
505	＋α	登録免許税 リハウス	N/A	0	削除			検索なし
506	＋α	登録免許税 領収済通知書	N/A	0	削除			検索なし
507	＋α	登録免許税 領収書 紛失	N/A	0	削除			検索なし
508	＋α	登録免許税 領収済通知書 書き方	N/A	0	削除			検索なし
509	＋α	登録免許税 利率	N/A	0	削除			検索なし
510	＋α	登録免許税 離婚 財産分与	N/A	0	削除			検索なし
511	＋α	登録免許税 例	N/A	0	削除			検索なし
512	＋α	登録免許税 歴史	N/A	0	削除			検索なし
513	＋α	登録免許税 レンタカー	N/A	0	削除			検索なし
514	＋α	登録免許税 連帯	N/A	0	削除			検索なし
515	＋α	レンタカー事業 登録免許税	N/A	0	削除			検索なし
516	＋α	連件登記 登録免許税	N/A	N/A	削除			検索なし
517	＋α	登録免許税 ローン	N/A	10	記事	Know（登録免許税の概要を知りたい）	解説記事	基礎解説
518	＋α	登録免許税 路線価	N/A	0	削除			検索なし
519	＋α	老人ホーム 保存登記 登録免許税	N/A	0	削除			検索なし
520	＋α	老人ホーム 登録免許税	N/A	0	削除			検索なし
521	＋α	労働者派遣事業 登録免許税	N/A	0	削除			検索なし
522	＋α	労働者協同組合 登録免許税	N/A	0	削除			検索なし
523	＋α	労働局 登録免許税	N/A	0	削除			検索なし
524	＋α	労働組合 登録免許税	N/A	0	削除			検索なし
525	＋α	登録免許税 わかりやすく	N/A	20	記事	Know（登録免許税の仕組みを理解したい）	解説記事	基礎解説
526	＋α	登録免許税 割合	N/A	0	削除			検索なし
527	＋α	登録免許税 割引	N/A	0	削除			検索なし
528	＋α	登録免許税 割印	N/A	0	削除			検索なし
529	＋α	登録免許税 わからない	N/A	0	削除			検索なし
530	＋α	登録免許税 とは わかりやすく	31	390	記事	Know（登録免許税の仕組みを理解したい）	解説記事	基礎解説
531	＋α	登録免許税 軽減措置 わかりやすく	N/A	170	記事	Know（軽減措置を確認したい）	解説記事	軽減措置
532	＋α	登録免許税 収入印紙 割印	N/A	0	削除			検索なし
533	＋α	共有物分割 登録免許税 わかりやすく	N/A	0	削除			検索なし
534	＋α	登録免許税 npo法人	N/A	10	記事	Know（登録免許税の概要を知りたい）	解説記事	基礎解説
535	＋α	登録免許税 npo	N/A	0	削除			検索なし
536	＋α	npo法人 登録免許税 非課税 根拠	N/A	20	記事	Know（登録免許税の控除・軽減を知りたい）	解説記事	控除・特例
537	＋α	npo法人 不動産登記 登録免許税 非課税	N/A	10	記事	Know（登録免許税の控除・軽減を知りたい）	解説記事	控除・特例
538	＋α	npo法人 不動産登記 登録免許税	N/A	10	記事	Know（不動産での登録免許税を知りたい）	解説記事	不動産特化
539	＋α	npo法人 設立登記 登録免許税	N/A	0	削除			検索なし
540	＋α	npo法人 設立 登録免許税	N/A	10	記事	Know（登録免許税の概要を知りたい）	解説記事	基礎解説
541	＋α	npo法人 登記 登録免許税	N/A	10	記事	Know（登録免許税の概要を知りたい）	解説記事	基礎解説
542	＋α	npo法人 役員変更登記 登録免許税	N/A	0	削除			検索なし
543	＋α	npo法人 役員変更 登録免許税	N/A	0	削除			検索なし
544	＋α	登録免許税 合併	N/A	90	記事	Know（登録免許税の概要を知りたい）	解説記事	基礎解説
545	＋α	登録免許税 会社	N/A	40	記事	Know（登録免許税の概要を知りたい）	解説記事	基礎解説
546	＋α	登録免許税 概算	N/A	0	削除			検索なし
547	＋α	登録免許税 学校法人	N/A	10	記事	Know（登録免許税の概要を知りたい）	解説記事	基礎解説
548	＋α	登録免許税 会社登記	N/A	10	記事	Know（登録免許税の概要を知りたい）	解説記事	基礎解説
549	＋α	登録免許税 額	N/A	70	記事	Know（登録免許税の概要を知りたい）	解説記事	基礎解説
550	＋α	登録免許税 合併 不動産	N/A	0	削除			検索なし
551	＋α	登録免許税 銀行	N/A	20	記事	Know（登録免許税の概要を知りたい）	解説記事	基礎解説
552	＋α	登録免許税 銀行で納付	N/A	20	記事	Know（納付方法を知りたい）	ガイド記事	納付方法
553	＋α	登録免許税 義務者	N/A	0	削除			検索なし
554	＋α	登録免許税 技術士	N/A	0	削除			検索なし
555	＋α	登録免許税 銀行 窓口	N/A	10	記事	Know（登録免許税の概要を知りたい）	解説記事	基礎解説
556	＋α	登録免許税 具体例	N/A	0	削除			検索なし
557	＋α	登録免許税 群馬県	N/A	0	削除			検索なし
558	＋α	軍用地 登録免許税	N/A	0	削除			検索なし
559	＋α	グループホーム 登録免許税	N/A	0	削除			検索なし
560	＋α	登録免許税 減税	N/A	140	記事	Know（登録免許税の控除・軽減を知りたい）	解説記事	控除・特例
561	＋α	登録免許税 減免	N/A	N/A	削除			検索なし
562	＋α	登録免許税 現金納付	N/A	40	記事	Know（納付方法を知りたい）	ガイド記事	納付方法
563	＋α	登録免許税 現金納付 方法	N/A	30	記事	Know（法律を確認したい）	解説記事	法律・規制
564	＋α	登録免許税 減税 要件	N/A	20	記事	Know（登録免許税の控除・軽減を知りたい）	解説記事	控除・特例
565	＋α	登録免許税 減額	N/A	10	記事	Know（軽減措置を確認したい）	解説記事	軽減措置
566	＋α	登録免許税 減税措置	N/A	N/A	削除			検索なし
567	＋α	登録免許税 減価償却	N/A	0	削除			検索なし
568	＋α	登録免許税 減資	N/A	10	記事	Know（登録免許税の概要を知りたい）	解説記事	基礎解説
569	＋α	登録免許税 源泉徴収	N/A	0	削除			検索なし
570	＋α	登録免許税 合同会社	N/A	320	記事	Know（登録免許税の概要を知りたい）	解説記事	基礎解説
571	＋α	登録免許税 語呂合わせ	N/A	20	記事	Know（登録免許税の概要を知りたい）	解説記事	基礎解説
572	＋α	登録免許税 雑種地	N/A	20	記事	Know（登録免許税の概要を知りたい）	解説記事	基礎解説
573	＋α	登録免許税 財産分与	22	140	記事	Know（登録免許税の概要を知りたい）	解説記事	基礎解説
574	＋α	登録免許税 雑種地 軽減措置	N/A	N/A	削除			検索なし
575	＋α	登録免許税 雑種地 計算	N/A	0	削除			検索なし
576	＋α	登録免許税 雑種地 宅地	N/A	0	削除			検索なし
577	＋α	登録免許税 住所変更	26	110	記事	Know（登録免許税の改正内容を知りたい）	解説記事	法改正
578	＋α	登録免許税 住宅ローン	N/A	90	記事	Know（登録免許税の概要を知りたい）	解説記事	基礎解説
579	＋α	登録免許税 住宅	N/A	30	記事	Know（登録免許税の概要を知りたい）	解説記事	基礎解説
580	＋α	登録免許税 住宅用家屋証明	N/A	30	記事	Know（登録免許税の概要を知りたい）	解説記事	基礎解説
581	＋α	登録免許税 住宅用家屋の軽減税率	N/A	20	記事	Know（軽減措置を確認したい）	解説記事	軽減措置
582	＋α	登録免許税 自動計算	N/A	20	計算ページ	Do（登録免許税を計算したい）	計算ツール	
583	＋α	登録免許税 自分で登記	N/A	0	削除			検索なし
584	＋α	登録免許税 譲渡費用	N/A	20	記事	Know（登録免許税の概要を知りたい）	解説記事	基礎解説
585	＋α	登録免許税 住宅 軽減	N/A	10	記事	Know（軽減措置を確認したい）	解説記事	軽減措置
586	＋α	登録免許税 税務署	N/A	90	記事	Know（登録免許税の概要を知りたい）	解説記事	基礎解説
587	＋α	登録免許税 税目番号	N/A	10	記事	Know（登録免許税の概要を知りたい）	解説記事	基礎解説
588	＋α	登録免許税 税金	N/A	0	削除			検索なし
589	＋α	登録免許税 税理士	N/A	30	記事	Know（登録免許税の概要を知りたい）	解説記事	基礎解説
590	＋α	登録免許税 税区分	N/A	20	記事	Know（登録免許税の概要を知りたい）	解説記事	基礎解説
591	＋α	登録免許税 税務署で納付	N/A	0	削除			検索なし
592	＋α	登録免許税 贈与	29	480	記事	Know（相続時の登録免許税を知りたい）	解説記事	相続
593	＋α	登録免許税 増資	36	590	記事	Know（登録免許税の概要を知りたい）	解説記事	基礎解説
594	＋α	登録免許税 贈与 計算	N/A	40	計算ページ	Do（登録免許税を計算したい）	計算ツール	
595	＋α	登録免許税 贈与 税率	N/A	10	記事	Know（税率を確認したい）	ガイド記事	税率
596	＋α	登録免許税 贈与 相続	N/A	20	記事	Know（相続時の登録免許税を知りたい）	解説記事	相続
597	＋α	登録免許税 贈与 軽減措置	N/A	0	削除			検索なし
598	＋α	登録免許税 贈与と相続	N/A	N/A	削除			検索なし
599	＋α	登録免許税 増資 計算	N/A	10	計算ページ	Do（登録免許税を計算したい）	計算ツール	
600	＋α	登録免許税 贈与税	N/A	10	記事	Know（相続時の登録免許税を知りたい）	解説記事	相続
601	＋α	登録免許税 贈与の場合	N/A	0	削除			検索なし
602	＋α	登録免許税 台紙	N/A	30	記事	Know（登録免許税の概要を知りたい）	解説記事	基礎解説
603	＋α	登録免許税 田	N/A	0	削除			検索なし
604	＋α	登録免許税 出し方	N/A	0	削除			検索なし
605	＋α	登録免許税 代理人還付	N/A	10	記事	Know（登録免許税の還付を知りたい）	解説記事	還付
606	＋α	登録免許税 第4条第1項	N/A	20	記事	Know（登録免許税の具体条件を知りたい）	ガイド記事	具体例・ケース
607	＋α	登録免許税 だいたいいくら	N/A	0	削除			検索なし
608	＋α	登録免許税 第5条	N/A	10	記事	Know（登録免許税の具体条件を知りたい）	ガイド記事	具体例・ケース
609	＋α	登録免許税 第5条第1号	N/A	0	削除			検索なし
610	＋α	登録免許税 電子納付	N/A	70	記事	Know（納付方法を知りたい）	ガイド記事	納付方法
611	＋α	登録免許税 電子納付 方法	N/A	20	記事	Know（法律を確認したい）	解説記事	法律・規制
612	＋α	登録免許税 電子納付 上限	N/A	0	削除			検索なし
613	＋α	登録免許税 電子納付 期限	N/A	0	削除			検索なし
614	＋α	登録免許税 電子申請	N/A	10	記事	Do（登録免許税の申告をしたい）	ハウツー記事	申告・届出
615	＋α	登録免許税 電子納税	N/A	0	削除			検索なし
616	＋α	登録免許税 電子納付 還付	N/A	0	削除			検索なし
617	＋α	登録免許税 どこに払う	N/A	40	記事	Know（登録免許税の概要を知りたい）	解説記事	基礎解説
618	＋α	登録免許税 道路	N/A	10	記事	Know（登録免許税の概要を知りたい）	解説記事	基礎解説
619	＋α	登録免許税 どこ	N/A	10	記事	Know（登録免許税の概要を知りたい）	解説記事	基礎解説
620	＋α	登録免許税 どちらが払う	N/A	0	削除			検索なし
621	＋α	登録免許税 どこで支払う	N/A	0	削除			検索なし
622	＋α	登録免許税 どこで買う	N/A	0	削除			検索なし
623	＋α	登録免許税 どこで	N/A	10	記事	Know（登録免許税の概要を知りたい）	解説記事	基礎解説
624	＋α	登録免許税 独立行政法人	N/A	0	削除			検索なし
625	＋α	登録免許税 どうやって 払う	N/A	90	記事	Know（登録免許税の概要を知りたい）	解説記事	基礎解説
626	＋α	登録免許税 どこの税務署	N/A	0	削除			検索なし
627	＋α	登録免許税 売買	27	260	記事	Know（登録免許税の概要を知りたい）	解説記事	基礎解説
628	＋α	登録免許税 売買 計算	N/A	20	計算ページ	Do（登録免許税を計算したい）	計算ツール	
629	＋α	登録免許税 売買 税率	N/A	10	記事	Know（税率を確認したい）	ガイド記事	税率
630	＋α	登録免許税 売買 軽減税率	N/A	10	記事	Know（軽減措置を確認したい）	解説記事	軽減措置
631	＋α	登録免許税 売買 土地	N/A	10	記事	Know（不動産での登録免許税を知りたい）	解説記事	不動産特化
632	＋α	登録免許税 売買 建物	N/A	0	削除			検索なし
633	＋α	美容師 登録免許税	N/A	0	削除			検索なし
634	＋α	美容師免許 登録免許税	N/A	N/A	削除			検索なし
635	＋α	本店変更 ビル名 登録免許税	N/A	0	削除			検索なし
636	＋α	登録免許税 分筆	N/A	70	記事	Know（登録免許税の概要を知りたい）	解説記事	基礎解説
637	＋α	登録免許税 分割	N/A	20	記事	Do（登録免許税の延納・分割を知りたい）	ハウツー記事	延納・分割
638	＋α	登録免許税 不足	N/A	0	削除			検索なし
639	＋α	登録免許税 分筆登記	N/A	10	記事	Know（登録免許税の概要を知りたい）	解説記事	基礎解説
640	＋α	登録免許税 分筆後	N/A	0	削除			検索なし
641	＋α	登録免許税 分譲マンション	N/A	0	削除			検索なし
642	＋α	登録免許税 分割 不動産	N/A	0	削除			検索なし
643	＋α	登録免許税 分納	N/A	0	削除			検索なし
644	＋α	登録免許税 分割融資	N/A	0	削除			検索なし
645	＋α	共有物分割 登録免許税 分筆	N/A	N/A	削除			検索なし
646	＋α	登録免許税 別表	N/A	40	記事	Do（登録免許税の書式を確認したい）	ハウツー記事	書式
647	＋α	登録免許税 弁護士	N/A	0	削除			検索なし
648	＋α	登録免許税 別表2	N/A	0	削除			検索なし
649	＋α	登録免許税 別表第一	N/A	10	記事	Do（登録免許税の書式を確認したい）	ハウツー記事	書式
650	＋α	登録免許税 別表1	N/A	10	記事	Do（登録免許税の書式を確認したい）	ハウツー記事	書式
651	＋α	登録免許税 墓地	N/A	110	記事	Know（登録免許税の概要を知りたい）	解説記事	基礎解説
652	＋α	登録免許税 墓地 非課税	N/A	0	削除			検索なし
653	＋α	登録免許税 募集株式の発行	N/A	0	削除			検索なし
654	＋α	登録免許税 簿価	N/A	0	削除			検索なし
655	＋α	墓地 相続登記 登録免許税	N/A	20	記事	Know（相続時の登録免許税を知りたい）	解説記事	相続
656	＋α	墓地 所有権移転 登録免許税	N/A	10	記事	Know（登記タイプ別の税額を知りたい）	ガイド記事	登記タイプ別
657	＋α	墓地 登記 登録免許税	N/A	10	記事	Know（登録免許税の概要を知りたい）	解説記事	基礎解説
658	＋α	募集株式発行 登録免許税	N/A	10	記事	Know（金融商品の登録免許税を知りたい）	解説記事	金融商品
659	＋α	現況 墓地 登録免許税	N/A	0	削除			検索なし
660	＋α	不動産登記 墓地 登録免許税	N/A	0	削除			検索なし
661	＋α	登録免許税 パーセント	N/A	0	削除			検索なし
662	＋α	登録免許税 pay-easy	N/A	0	削除			検索なし
663	＋α	登録免許税 paypay	N/A	0	削除			検索なし
664	＋α	登録免許税 パンフレット	N/A	0	削除			検索なし
665	＋α	登録免許税 ペイジー	N/A	20	記事	Know（登録免許税の概要を知りたい）	解説記事	基礎解説
666	＋α	登録免許税 ペアローン	50	0	削除			検索なし
667	＋α	登録免許税 納付 ペイジー	N/A	0	削除			検索なし
668	＋α	登録免許税 地目変更後	N/A	N/A	削除			検索なし
669	＋α	登録免許税 英語で	N/A	0	削除			検索なし
670	＋α	登録免許税 英訳	N/A	0	削除			検索なし
671	＋α	登録免許税 不動産 相続	N/A	N/A	削除			検索なし
672	＋α	登録免許税 不課税 非課税	N/A	0	削除			検索なし
673	＋α	登録免許税 住宅用家屋	N/A	10	記事	Know（登録免許税の概要を知りたい）	解説記事	基礎解説
674	＋α	登録免許税 譲渡	N/A	10	記事	Know（登録免許税の概要を知りたい）	解説記事	基礎解説
675	＋α	llp 登録免許税	N/A	0	削除			検索なし
676	＋α	登録免許税 pdf	N/A	0	削除			検索なし
677	＋α	登録免許税 pl	N/A	0	削除			検索なし
678	＋α	pmda 登録免許税	N/A	0	削除			検索なし
679	＋α	qrコード付き書面申請 登録免許税	N/A	0	削除			検索なし
