No	区分	キーワード	SEO難易度	月間検索数	判定	検索意図	ページ種類	トピック	狙い目	要確認	ページグループ	想定記事タイトル	カテゴリ
1	＋	不動産投資	33	40500	解説記事	Know（不動産投資について知りたい）	解説記事	基礎解説	◎		基礎解説		基礎解説
2	＋	不動産投資とは	28	2900	解説記事	Know（基礎知識を知りたい）	解説記事	基礎解説	◎		基礎解説		基礎解説
3	＋	不動産投資ローン	33	4400	体験記事	Know（ローン・融資のリアルを知りたい）	体験談	ローン・融資体験	◎		ローン基礎	不動産投資ローンとは？仕組み・おすすめ銀行・選び方	融資・ローン体験
4	＋	不動産投資 利回り	32	3600	解説記事	Know（利回り・収支の実態を知りたい）	実践ガイド	利回り・収支	◎		利回り基礎	不動産投資の利回りとは？計算方法と目安を解説	収支・利回り
5	＋	不動産投資 やめとけ	41	2900	体験記事	Know（失敗・後悔のリアルを知りたい）	体験談	失敗・後悔談			やめとけ体験	不動産投資やめとけと言われる理由｜経験者のリアルな声	失敗談・リアルな話
6	＋	不動産投資 節税	31	2400	解説記事	Know（節税・税金の実務を知りたい）	実践ガイド	節税・税金	◎		節税基礎	不動産投資の節税・税金の基礎知識まとめ	税金・節税
7	＋	不動産投資 リスク	31	1900	体験記事	Know（リスク・注意点を知りたい）	体験談	リスク・注意点	◎		リスク対策	不動産投資のリスク一覧と対策｜実体験から学ぶヘッジ策	失敗談・リアルな話
8	＋	不動産投資 初心者	48	1300	体験記事	Know（不動産投資の始め方を知りたい）	体験談	始め方・初心者向け			初心者向け	不動産投資初心者が知っておくべきこと｜入門ガイド	始め方ガイド
9	＋	不動産投資信託	33	1600	削除			REIT・CF（対象外）	◎				
10	＋	不動産投資ローン 金利	33	1000	体験記事	Know（ローン・融資のリアルを知りたい）	体験談	ローン・融資体験	◎		ローン金利比較	不動産投資ローン金利比較ランキング｜低金利で借りるコツ	融資・ローン体験
11	＋	不動産投資 失敗	29	1000	体験記事	Know（失敗・後悔のリアルを知りたい）	体験談	失敗・後悔談	◎		失敗体験	不動産投資の失敗談｜私が経験した失敗と教訓	失敗談・リアルな話
12	＋	不動産投資 ローン	33	4400	体験記事	Know（ローン・融資のリアルを知りたい）	体験談	ローン・融資体験	◎		ローン基礎	不動産投資ローンとは？仕組み・おすすめ銀行・選び方	融資・ローン体験
13	＋	不動産投資 本	38	880	解説記事	Know（不動産投資の勉強方法を知りたい）	まとめ記事	勉強・書籍	◎		おすすめ本	不動産投資のおすすめ本ランキング｜初心者必読の10冊	勉強・情報収集
14	＋	不動産投資 確定申告	44	720	解説記事	Know（節税・税金の実務を知りたい）	実践ガイド	節税・税金			確定申告	不動産投資の確定申告やり方ガイド｜初年度の体験談	税金・節税
15	＋	不動産投資 おすすめ	33	1300	解説記事	Buy（サービスを選びたい）	比較記事	おすすめ・比較	◎		おすすめ会社	不動産投資会社おすすめランキング｜比較と選び方	勉強・情報収集
16	＋＋	不動産投資とは 簡単に	43	70	解説記事	Know（基礎知識を知りたい）	解説記事	基礎解説			基礎解説		基礎解説
17	＋＋	不動産投資とは何ですか	N/A	20	解説記事	Know（基礎知識を知りたい）	解説記事	基礎解説	◎		基礎解説		基礎解説
18	＋＋	不動産投資とは わかりやすく	30	320	解説記事	Know（基礎知識を知りたい）	解説記事	基礎解説	◎		基礎解説		基礎解説
19	＋＋	不動産投資とは 初心者	32	50	体験記事	Know（不動産投資の始め方を知りたい）	体験談	始め方・初心者向け	◎	要確認	初心者向け	不動産投資初心者が知っておくべきこと｜入門ガイド	始め方ガイド
20	＋＋	不動産投資とは どんな 副業 か	28	30	体験記事	Know（自分の属性で投資できるか知りたい）	体験談	属性・年収別	◎	要確認	サラリーマン向け	サラリーマン・公務員の不動産投資体験｜副業としての始め方	属性別の始め方
21	＋＋	不動産投資ローン おすすめ	32	260	体験記事	Know（ローン・融資のリアルを知りたい）	体験談	ローン・融資体験	◎	要確認	ローン基礎	不動産投資ローンとは？仕組み・おすすめ銀行・選び方	融資・ローン体験
22	＋＋	不動産投資ローン 借り換え	47	320	体験記事	Know（ローン・融資のリアルを知りたい）	体験談	ローン・融資体験			ローン融資全般	不動産投資の融資・審査事情｜通すためにやったこと	融資・ローン体験
23	＋＋	不動産投資ローン金利 比較	33	210	体験記事	Know（ローン・融資のリアルを知りたい）	体験談	ローン・融資体験	◎	要確認	ローン金利比較	不動産投資ローン金利比較ランキング｜低金利で借りるコツ	融資・ローン体験
24	＋＋	不動産投資ローン金利ランキング	33	1900	体験記事	Know（ローン・融資のリアルを知りたい）	体験談	ローン・融資体験	◎	要確認	ローン金利比較	不動産投資ローン金利比較ランキング｜低金利で借りるコツ	融資・ローン体験
25	＋＋	不動産投資ローン 金利 sbi	N/A	70	体験記事	Know（ローン・融資のリアルを知りたい）	体験談	ローン・融資体験	◎		ローン金利比較	不動産投資ローン金利比較ランキング｜低金利で借りるコツ	融資・ローン体験
26	＋＋	不動産投資ローン 銀行	33	140	体験記事	Know（ローン・融資のリアルを知りたい）	体験談	ローン・融資体験	◎		ローン基礎	不動産投資ローンとは？仕組み・おすすめ銀行・選び方	融資・ローン体験
27	＋＋	不動産投資ローンとは	N/A	70	体験記事	Know（ローン・融資のリアルを知りたい）	体験談	ローン・融資体験	◎	要確認	ローン基礎	不動産投資ローンとは？仕組み・おすすめ銀行・選び方	融資・ローン体験
28	＋＋	不動産投資ローン 個人	79	50	体験記事	Know（ローン・融資のリアルを知りたい）	体験談	ローン・融資体験			ローン基礎	不動産投資ローンとは？仕組み・おすすめ銀行・選び方	融資・ローン体験
29	＋＋	不動産投資 利回り 理想	39	320	解説記事	Know（利回り・収支の実態を知りたい）	実践ガイド	利回り・収支	◎		利回り相場	不動産投資の利回り目安｜理想と現実のギャップ	収支・利回り
30	＋＋	不動産投資 利回り 計算	31	480	解説記事	Know（利回り・収支の実態を知りたい）	実践ガイド	利回り・収支	◎		利回り基礎	不動産投資の利回りとは？計算方法と目安を解説	収支・利回り
31	＋＋	不動産投資 利回りとは	33	110	解説記事	Know（利回り・収支の実態を知りたい）	実践ガイド	利回り・収支	◎		利回り基礎	不動産投資の利回りとは？計算方法と目安を解説	収支・利回り
32	＋＋	不動産投資 利回り 相場	30	170	解説記事	Know（利回り・収支の実態を知りたい）	実践ガイド	利回り・収支	◎		利回り相場	不動産投資の利回り目安｜理想と現実のギャップ	収支・利回り
33	＋＋	不動産投資 利回り 平均	45	170	解説記事	Know（利回り・収支の実態を知りたい）	実践ガイド	利回り・収支			利回り相場	不動産投資の利回り目安｜理想と現実のギャップ	収支・利回り
34	＋＋	不動産投資 利回りみんなで大家さん 参加	N/A	0	削除			検索なし	◎				
35	＋＋	不動産投資 利回り 計算方法	32	50	解説記事	Know（利回り・収支の実態を知りたい）	実践ガイド	利回り・収支	◎		始め方ガイド	不動産投資の始め方｜初心者が最初にやるべき5ステップ	始め方ガイド
36	＋＋	不動産投資 利回り 10	25	50	解説記事	Know（利回り・収支の実態を知りたい）	実践ガイド	利回り・収支	◎		利回り基礎	不動産投資の利回りとは？計算方法と目安を解説	収支・利回り
37	＋＋	不動産投資 利回り 目安	48	30	解説記事	Know（利回り・収支の実態を知りたい）	実践ガイド	利回り・収支			利回り相場	不動産投資の利回り目安｜理想と現実のギャップ	収支・利回り
38	＋＋	不動産投資 やめとけ なんj	28	50	体験記事	Know（失敗・後悔のリアルを知りたい）	体験談	失敗・後悔談	◎		やめとけ体験	不動産投資やめとけと言われる理由｜経験者のリアルな声	失敗談・リアルな話
39	＋＋	不動産投資 やめとけ 知恵袋	42	10	体験記事	Know（失敗・後悔のリアルを知りたい）	体験談	失敗・後悔談			やめとけ体験	不動産投資やめとけと言われる理由｜経験者のリアルな声	失敗談・リアルな話
40	＋＋	不動産投資 やめとけ 2ch	24	170	体験記事	Know（失敗・後悔のリアルを知りたい）	体験談	失敗・後悔談	◎		やめとけ体験	不動産投資やめとけと言われる理由｜経験者のリアルな声	失敗談・リアルな話
41	＋＋	不動産投資 節税 なぜ	29	210	解説記事	Know（節税・税金の実務を知りたい）	実践ガイド	節税・税金	◎		節税基礎	不動産投資の節税・税金の基礎知識まとめ	税金・節税
42	＋＋	不動産投資 節税 シュミレーション	30	320	解説記事	Know（節税・税金の実務を知りたい）	実践ガイド	節税・税金	◎		サラリーマン節税	サラリーマンの不動産投資節税術｜年収別シミュレーション	税金・節税
43	＋＋	不動産投資 節税 嘘	37	260	解説記事	Know（節税・税金の実務を知りたい）	実践ガイド	節税・税金	◎		節税基礎	不動産投資の節税は嘘？本当の仕組みと注意点	税金・節税
44	＋＋	不動産投資 節税 サラリーマン	41	320	体験記事	Know（自分の属性で投資できるか知りたい）	体験談	属性・年収別			サラリーマン節税	サラリーマンの不動産投資節税術｜年収別シミュレーション	税金・節税
45	＋＋	不動産投資 節税効果	33	50	解説記事	Know（節税・税金の実務を知りたい）	実践ガイド	節税・税金	◎		節税基礎	不動産投資の節税・税金の基礎知識まとめ	税金・節税
46	＋＋	不動産投資 節税 減価償却	32	90	解説記事	Know（節税・税金の実務を知りたい）	実践ガイド	節税・税金	◎		減価償却	不動産投資の減価償却とは？節税効果を実例で解説	税金・節税
47	＋＋	不動産投資 節税 年収	32	30	体験記事	Know（自分の属性で投資できるか知りたい）	体験談	属性・年収別	◎		年収別ガイド	不動産投資は年収いくらから？属性別の戦略	属性別の始め方
48	＋＋	不動産投資 節税対策	46	40	解説記事	Know（節税・税金の実務を知りたい）	実践ガイド	節税・税金			節税基礎	不動産投資の節税・税金の基礎知識まとめ	税金・節税
49	＋＋	不動産投資 節税効果 シミュレーション	32	20	解説記事	Know（節税・税金の実務を知りたい）	実践ガイド	節税・税金	◎		節税基礎	不動産投資の節税・税金の基礎知識まとめ	税金・節税
50	＋＋	不動産投資 リスクしかない	N/A	70	体験記事	Know（リスク・注意点を知りたい）	体験談	リスク・注意点	◎		リスク対策	不動産投資のリスク一覧と対策｜実体験から学ぶヘッジ策	失敗談・リアルな話
51	＋＋	不動産投資 リスク リターン	46	20	体験記事	Know（リスク・注意点を知りたい）	体験談	リスク・注意点			リスク対策	不動産投資のリスク一覧と対策｜実体験から学ぶヘッジ策	失敗談・リアルな話
52	＋＋	不動産投資 リスクヘッジ	27	20	体験記事	Know（リスク・注意点を知りたい）	体験談	リスク・注意点	◎		リスク対策	不動産投資のリスク一覧と対策｜実体験から学ぶヘッジ策	失敗談・リアルな話
53	＋＋	不動産投資 リスク高い	31	10	体験記事	Know（リスク・注意点を知りたい）	体験談	リスク・注意点	◎		リスク対策	不動産投資のリスク一覧と対策｜実体験から学ぶヘッジ策	失敗談・リアルな話
54	＋＋	不動産投資 リスク一覧	33	30	体験記事	Know（リスク・注意点を知りたい）	体験談	リスク・注意点	◎	要確認	リスク対策	不動産投資のリスク一覧と対策｜実体験から学ぶヘッジ策	失敗談・リアルな話
55	＋＋	不動産投資 リスク 低い	30	20	体験記事	Know（リスク・注意点を知りたい）	体験談	リスク・注意点	◎		リスク対策	不動産投資のリスク一覧と対策｜実体験から学ぶヘッジ策	失敗談・リアルな話
56	＋＋	不動産投資 初心者 本	36	70	体験記事	Know（不動産投資の始め方を知りたい）	体験談	始め方・初心者向け	◎	要確認	初心者向け	不動産投資初心者が知っておくべきこと｜入門ガイド	始め方ガイド
57	＋＋	不動産投資 初心者 ブログ	27	40	体験記事	Know（不動産投資の始め方を知りたい）	体験談	始め方・初心者向け	◎		初心者向け	不動産投資初心者が知っておくべきこと｜入門ガイド	始め方ガイド
58	＋＋	不動産投資 初心者 おすすめ物件	30	70	体験記事	Know（不動産投資の始め方を知りたい）	体験談	始め方・初心者向け	◎	要確認	初心者向け	不動産投資初心者が知っておくべきこと｜入門ガイド	始め方ガイド
59	＋＋	不動産投資 初心者 おすすめ	33	30	体験記事	Know（不動産投資の始め方を知りたい）	体験談	始め方・初心者向け	◎	要確認	初心者向け	不動産投資初心者が知っておくべきこと｜入門ガイド	始め方ガイド
60	＋＋	不動産投資 初心者 勉強	28	10	体験記事	Know（不動産投資の始め方を知りたい）	体験談	始め方・初心者向け	◎	要確認	初心者向け	不動産投資初心者が知っておくべきこと｜入門ガイド	始め方ガイド
61	＋＋	不動産投資 初心者 失敗	27	50	体験記事	Know（失敗・後悔のリアルを知りたい）	体験談	失敗・後悔談	◎		失敗体験	不動産投資の失敗談｜私が経験した失敗と教訓	失敗談・リアルな話
62	＋＋	不動産投資 初心者 少額	31	50	体験記事	Know（不動産投資の始め方を知りたい）	体験談	始め方・初心者向け	◎		初心者向け	不動産投資初心者が知っておくべきこと｜入門ガイド	始め方ガイド
63	＋＋	不動産投資 初心者 始め方	33	40	体験記事	Know（不動産投資の始め方を知りたい）	体験談	始め方・初心者向け	◎		始め方ガイド	不動産投資の始め方｜初心者が最初にやるべき5ステップ	始め方ガイド
64	＋＋	不動産投資 初心者 おすすめ 本	26	10	体験記事	Know（不動産投資の始め方を知りたい）	体験談	始め方・初心者向け	◎	要確認	初心者向け	不動産投資初心者が知っておくべきこと｜入門ガイド	始め方ガイド
65	＋＋	不動産投資信託とは	33	320	削除			REIT・CF（対象外）	◎				
66	＋＋	不動産投資信託(reit)	84	0	削除			検索なし					
67	＋＋	不動産投資信託 おすすめ	47	90	削除			REIT・CF（対象外）					
68	＋＋	不動産投資信託証券	33	70	削除			REIT・CF（対象外）	◎				
69	＋＋	不動産投資信託 nisa	N/A	110	削除			REIT・CF（対象外）	◎				
70	＋＋	不動産投資信託 リート	N/A	70	削除			REIT・CF（対象外）	◎				
71	＋＋	不動産投資信託 利回り	N/A	50	解説記事	Know（利回り・収支の実態を知りたい）	実践ガイド	利回り・収支	◎		利回り基礎	不動産投資の利回りとは？計算方法と目安を解説	収支・利回り
72	＋＋	不動産投資信託 デメリット	N/A	50	体験記事	Know（メリット・デメリットを知りたい）	体験談	メリデメ	◎	要確認	メリット・デメリット	不動産投資のメリット・デメリット｜向いている人の特徴	始め方ガイド
73	＋＋	不動産投資信託及び不動産投資法人に関する規則	N/A	20	解説記事	Know（節税・税金の実務を知りたい）	実践ガイド	節税・税金	◎		法人化	不動産投資の法人化タイミング｜個人vs法人の判断基準	税金・節税
74	＋＋	不動産投資ローン 金利 ランキング	33	1900	体験記事	Know（ローン・融資のリアルを知りたい）	体験談	ローン・融資体験	◎	要確認	ローン金利比較	不動産投資ローン金利比較ランキング｜低金利で借りるコツ	融資・ローン体験
75	＋＋	不動産投資ローン 金利 比較	33	210	体験記事	Know（ローン・融資のリアルを知りたい）	体験談	ローン・融資体験	◎	要確認	ローン金利比較	不動産投資ローン金利比較ランキング｜低金利で借りるコツ	融資・ローン体験
76	＋＋	不動産投資ローン 金利 推移	33	110	体験記事	Know（ローン・融資のリアルを知りたい）	体験談	ローン・融資体験	◎	要確認	ローン金利比較	不動産投資ローン金利比較ランキング｜低金利で借りるコツ	融資・ローン体験
77	＋＋	不動産投資ローン 金利 今後	33	70	体験記事	Know（ローン・融資のリアルを知りたい）	体験談	ローン・融資体験	◎		ローン金利比較	不動産投資ローン金利比較ランキング｜低金利で借りるコツ	融資・ローン体験
78	＋＋	不動産投資ローン 金利 相場	33	170	体験記事	Know（ローン・融資のリアルを知りたい）	体験談	ローン・融資体験	◎	要確認	ローン金利比較	不動産投資ローン金利比較ランキング｜低金利で借りるコツ	融資・ローン体験
79	＋＋	不動産投資ローン 金利 平均	N/A	0	削除			検索なし	◎				
80	＋＋	不動産投資ローン 金利上昇	47	20	体験記事	Know（ローン・融資のリアルを知りたい）	体験談	ローン・融資体験			ローン金利比較	不動産投資ローン金利比較ランキング｜低金利で借りるコツ	融資・ローン体験
81	＋＋	不動産投資ローン 金利 低い	N/A	0	削除			検索なし	◎				
82	＋＋	不動産投資 失敗率	44	210	体験記事	Know（失敗・後悔のリアルを知りたい）	体験談	失敗・後悔談			失敗体験	不動産投資の失敗談｜私が経験した失敗と教訓	失敗談・リアルな話
83	＋＋	不動産投資 失敗 ブログ	29	170	体験記事	Know（失敗・後悔のリアルを知りたい）	体験談	失敗・後悔談	◎		失敗体験	不動産投資の失敗談｜私が経験した失敗と教訓	失敗談・リアルな話
84	＋＋	不動産投資 失敗 なんj	41	50	体験記事	Know（失敗・後悔のリアルを知りたい）	体験談	失敗・後悔談			失敗体験	不動産投資の失敗談｜私が経験した失敗と教訓	失敗談・リアルな話
85	＋＋	不動産投資 失敗例	29	90	体験記事	Know（失敗・後悔のリアルを知りたい）	体験談	失敗・後悔談	◎		失敗体験	不動産投資の失敗談｜私が経験した失敗と教訓	失敗談・リアルな話
86	＋＋	不動産投資 失敗談	27	20	体験記事	Know（失敗・後悔のリアルを知りたい）	体験談	失敗・後悔談	◎		失敗体験	不動産投資の失敗談｜私が経験した失敗と教訓	失敗談・リアルな話
87	＋＋	不動産投資 失敗の法則	N/A	30	体験記事	Know（失敗・後悔のリアルを知りたい）	体験談	失敗・後悔談	◎		失敗体験	不動産投資の失敗談｜私が経験した失敗と教訓	失敗談・リアルな話
88	＋＋	不動産投資 失敗しない	47	20	体験記事	Know（失敗・後悔のリアルを知りたい）	体験談	失敗・後悔談			失敗体験	不動産投資の失敗談｜私が経験した失敗と教訓	失敗談・リアルな話
89	＋＋	不動産投資 失敗 2ch	28	70	体験記事	Know（失敗・後悔のリアルを知りたい）	体験談	失敗・後悔談	◎		失敗体験	不動産投資の失敗談｜私が経験した失敗と教訓	失敗談・リアルな話
90	＋＋	不動産投資 失敗 芸能人	7	20	体験記事	Know（失敗・後悔のリアルを知りたい）	体験談	失敗・後悔談	◎		失敗体験	不動産投資の失敗談｜私が経験した失敗と教訓	失敗談・リアルな話
91	＋＋	不動産投資 ローン 金利	33	1000	体験記事	Know（ローン・融資のリアルを知りたい）	体験談	ローン・融資体験	◎		ローン金利比較	不動産投資ローン金利比較ランキング｜低金利で借りるコツ	融資・ローン体験
92	＋＋	不動産投資 ローン シミュレーション	33	590	体験記事	Know（ローン・融資のリアルを知りたい）	体験談	ローン・融資体験	◎	要確認	ローン借入額	不動産投資ローンはいくらまで借りられる？シミュレーション付き	融資・ローン体験
93	＋＋	不動産投資 ローン 審査	32	90	体験記事	Know（ローン・融資のリアルを知りたい）	体験談	ローン・融資体験	◎		ローン融資全般	不動産投資の融資・審査事情｜通すためにやったこと	融資・ローン体験
94	＋＋	不動産投資 ローン 借り換え	47	320	体験記事	Know（ローン・融資のリアルを知りたい）	体験談	ローン・融資体験			ローン融資全般	不動産投資の融資・審査事情｜通すためにやったこと	融資・ローン体験
95	＋＋	不動産投資 ローン 金利 相場	33	170	体験記事	Know（ローン・融資のリアルを知りたい）	体験談	ローン・融資体験	◎	要確認	ローン金利比較	不動産投資ローン金利比較ランキング｜低金利で借りるコツ	融資・ローン体験
96	＋＋	不動産投資 ローンなし	28	20	体験記事	Know（ローン・融資のリアルを知りたい）	体験談	ローン・融資体験	◎		ローン基礎	不動産投資ローンとは？仕組み・おすすめ銀行・選び方	融資・ローン体験
97	＋＋	不動産投資 ローン 銀行	33	140	体験記事	Know（ローン・融資のリアルを知りたい）	体験談	ローン・融資体験	◎		ローン基礎	不動産投資ローンとは？仕組み・おすすめ銀行・選び方	融資・ローン体験
98	＋＋	不動産投資 ローン いくらまで	31	70	体験記事	Know（ローン・融資のリアルを知りたい）	体験談	ローン・融資体験	◎	要確認	ローン借入額	不動産投資ローンはいくらまで借りられる？シミュレーション付き	融資・ローン体験
99	＋＋	不動産投資 ローン組めない	26	10	体験記事	Know（ローン・融資のリアルを知りたい）	体験談	ローン・融資体験	◎		ローン基礎	不動産投資ローンとは？仕組み・おすすめ銀行・選び方	融資・ローン体験
100	＋＋	不動産投資 本 おすすめ	37	260	解説記事	Know（不動産投資の勉強方法を知りたい）	まとめ記事	勉強・書籍	◎		おすすめ本	不動産投資のおすすめ本ランキング｜初心者必読の10冊	勉強・情報収集
101	＋＋	不動産投資 本 ランキング	27	140	解説記事	Know（不動産投資の勉強方法を知りたい）	まとめ記事	勉強・書籍	◎		おすすめ本	不動産投資のおすすめ本ランキング｜初心者必読の10冊	勉強・情報収集
102	＋＋	不動産投資 本 ベストセラー	45	90	解説記事	Know（不動産投資の勉強方法を知りたい）	まとめ記事	勉強・書籍			おすすめ本	不動産投資のおすすめ本ランキング｜初心者必読の10冊	勉強・情報収集
103	＋＋	不動産投資 本 初心者	34	70	体験記事	Know（不動産投資の始め方を知りたい）	体験談	始め方・初心者向け	◎	要確認	初心者向け	不動産投資初心者が知っておくべきこと｜入門ガイド	始め方ガイド
104	＋＋	不動産投資 本 両学長	27	20	解説記事	Know（不動産投資の勉強方法を知りたい）	まとめ記事	勉強・書籍	◎		おすすめ本	不動産投資のおすすめ本ランキング｜初心者必読の10冊	勉強・情報収集
105	＋＋	不動産投資 本 人気	48	10	解説記事	Know（不動産投資の勉強方法を知りたい）	まとめ記事	勉強・書籍			おすすめ本	不動産投資のおすすめ本ランキング｜初心者必読の10冊	勉強・情報収集
106	＋＋	不動産投資 本 名著	24	10	解説記事	Know（不動産投資の勉強方法を知りたい）	まとめ記事	勉強・書籍	◎		おすすめ本	不動産投資のおすすめ本ランキング｜初心者必読の10冊	勉強・情報収集
107	＋＋	不動産投資 本当に儲かるのか	N/A	10	体験記事	Know（成功事例を知りたい）	体験談	成功事例	◎	要確認	成功と現実	不動産投資は儲かる？成功率と儲かる人の特徴	始め方ガイド
108	＋＋	不動産投資 本 100冊	N/A	0	削除			検索なし	◎				
109	＋＋	不動産投資 確定申告 自分で	33	90	解説記事	Know（節税・税金の実務を知りたい）	実践ガイド	節税・税金	◎		確定申告	不動産投資の確定申告やり方ガイド｜初年度の体験談	税金・節税
110	＋＋	不動産投資 確定申告 経費	41	70	解説記事	Know（節税・税金の実務を知りたい）	実践ガイド	節税・税金			確定申告	不動産投資の確定申告やり方ガイド｜初年度の体験談	税金・節税
111	＋＋	不動産投資 確定申告 やり方	43	90	体験記事	Know（不動産投資の始め方を知りたい）	体験談	始め方・初心者向け		要確認	確定申告	不動産投資の確定申告やり方ガイド｜初年度の体験談	税金・節税
112	＋＋	不動産投資 確定申告 必要書類	43	40	解説記事	Know（節税・税金の実務を知りたい）	実践ガイド	節税・税金			確定申告	不動産投資の確定申告やり方ガイド｜初年度の体験談	税金・節税
113	＋＋	不動産投資 確定申告 還付金 いくら	33	90	解説記事	Know（節税・税金の実務を知りたい）	実践ガイド	節税・税金	◎		確定申告	不動産投資の確定申告やり方ガイド｜初年度の体験談	税金・節税
114	＋＋	不動産投資 確定申告 初年度	31	40	解説記事	Know（節税・税金の実務を知りたい）	実践ガイド	節税・税金	◎		確定申告	不動産投資の確定申告やり方ガイド｜初年度の体験談	税金・節税
115	＋＋	不動産投資 確定申告 e-tax	33	20	解説記事	Know（節税・税金の実務を知りたい）	実践ガイド	節税・税金	◎		確定申告	不動産投資の確定申告やり方ガイド｜初年度の体験談	税金・節税
116	＋＋	不動産投資 確定申告 雑費	27	20	解説記事	Know（節税・税金の実務を知りたい）	実践ガイド	節税・税金	◎		確定申告	不動産投資の確定申告やり方ガイド｜初年度の体験談	税金・節税
117	＋＋	不動産投資 確定申告 本	N/A	10	解説記事	Know（節税・税金の実務を知りたい）	実践ガイド	節税・税金	◎		確定申告	不動産投資の確定申告やり方ガイド｜初年度の体験談	税金・節税
118	＋＋	不動産投資 おすすめ 本	27	260	解説記事	Know（不動産投資の勉強方法を知りたい）	まとめ記事	勉強・書籍	◎		おすすめ本	不動産投資のおすすめ本ランキング｜初心者必読の10冊	勉強・情報収集
119	＋＋	不動産投資 おすすめ 地域	44	30	解説記事	Buy（サービスを選びたい）	比較記事	おすすめ・比較			おすすめ会社	不動産投資会社おすすめランキング｜比較と選び方	勉強・情報収集
120	＋＋	不動産投資 おすすめしない	32	70	解説記事	Buy（サービスを選びたい）	比較記事	おすすめ・比較	◎		おすすめ会社	不動産投資会社おすすめランキング｜比較と選び方	勉強・情報収集
121	＋＋	不動産投資 おすすめ物件	31	20	体験記事	Know（物件選びの実体験を知りたい）	体験談	物件選び	◎	要確認	物件選び基礎	不動産投資の物件探し｜優良物件を見つける方法	物件選び
122	＋＋	不動産投資 おすすめサイト	33	20	解説記事	Buy（サービスを選びたい）	比較記事	おすすめ・比較	◎		おすすめ会社	不動産投資会社おすすめランキング｜比較と選び方	勉強・情報収集
123	＋＋	不動産投資 おすすめ資格	51	0	削除			検索なし					
124	＋α	不動産投資 0円	26	10	体験記事	Know（必要な資金を知りたい）	体験談	必要資金	◎		必要資金	不動産投資の初期費用・必要資金｜予算別の投資プラン	収支・利回り
125	＋α	不動産投資 0から	N/A	0	削除			検索なし	◎				
126	＋α	不動産投資 070	N/A	0	削除			検索なし	◎				
127	＋α	不動産投資 自己資金1 000万	32	110	体験記事	Know（ローン・融資のリアルを知りたい）	体験談	ローン・融資体験	◎		ローン頭金	不動産投資の頭金はいくら必要？フルローンは可能？	融資・ローン体験
128	＋α	不動産投資 1 000万円	41	90	体験記事	Know（必要な資金を知りたい）	体験談	必要資金			必要資金	不動産投資の初期費用・必要資金｜予算別の投資プラン	収支・利回り
129	＋α	不動産投資 自己資金3 000万	43	30	体験記事	Know（ローン・融資のリアルを知りたい）	体験談	ローン・融資体験			ローン頭金	不動産投資の頭金はいくら必要？フルローンは可能？	融資・ローン体験
130	＋α	不動産投資 自己資金5 000万	27	30	体験記事	Know（ローン・融資のリアルを知りたい）	体験談	ローン・融資体験	◎		ローン頭金	不動産投資の頭金はいくら必要？フルローンは可能？	融資・ローン体験
131	＋α	不動産投資 自己資金2 000万	48	0	削除			検索なし					
132	＋α	不動産投資 年収2 000万	31	20	体験記事	Know（自分の属性で投資できるか知りたい）	体験談	属性・年収別	◎		年収別ガイド	不動産投資は年収いくらから？属性別の戦略	属性別の始め方
133	＋α	0円から 不動産投資	29	10	体験記事	Know（必要な資金を知りたい）	体験談	必要資金	◎		必要資金	不動産投資の初期費用・必要資金｜予算別の投資プラン	収支・利回り
134	＋α	不動産投資 1000万円	41	90	体験記事	Know（必要な資金を知りたい）	体験談	必要資金			必要資金	不動産投資の初期費用・必要資金｜予算別の投資プラン	収支・利回り
135	＋α	不動産投資 1万円から	33	40	体験記事	Know（必要な資金を知りたい）	体験談	必要資金	◎		必要資金	不動産投資の初期費用・必要資金｜予算別の投資プラン	収支・利回り
136	＋α	不動産投資 100万	29	90	体験記事	Know（必要な資金を知りたい）	体験談	必要資金	◎		必要資金	不動産投資の初期費用・必要資金｜予算別の投資プラン	収支・利回り
137	＋α	不動産投資 1棟アパート	44	20	体験記事	Know（物件選びの実体験を知りたい）	体験談	物件選び			アパート一棟投資	アパート一棟買い投資の体験談｜メリットと注意点	物件選び
138	＋α	不動産投資 1棟買い	27	20	解説記事	Know（不動産投資について知りたい）	解説記事	基礎解説	◎		基礎解説		基礎解説
139	＋α	不動産投資 1棟	N/A	20	解説記事	Know（不動産投資について知りたい）	解説記事	基礎解説	◎		基礎解説		基礎解説
140	＋α	不動産投資 100万円	31	70	体験記事	Know（必要な資金を知りたい）	体験談	必要資金	◎		必要資金	不動産投資の初期費用・必要資金｜予算別の投資プラン	収支・利回り
141	＋α	不動産投資 1棟目	N/A	20	解説記事	Know（不動産投資について知りたい）	解説記事	基礎解説	◎		基礎解説		基礎解説
142	＋α	不動産投資 1億	N/A	20	体験記事	Know（必要な資金を知りたい）	体験談	必要資金	◎		必要資金	不動産投資の初期費用・必要資金｜予算別の投資プラン	収支・利回り
143	＋α	不動産投資 1k	N/A	20	解説記事	Know（不動産投資について知りたい）	解説記事	基礎解説	◎		基礎解説		基礎解説
144	＋α	不動産投資 20代	32	210	体験記事	Know（自分の属性で投資できるか知りたい）	体験談	属性・年収別	◎		年収別ガイド	不動産投資は年収いくらから？属性別の戦略	属性別の始め方
145	＋α	不動産投資 200万	42	30	体験記事	Know（必要な資金を知りたい）	体験談	必要資金			必要資金	不動産投資の初期費用・必要資金｜予算別の投資プラン	収支・利回り
146	＋α	不動産投資 2026	N/A	0	削除			検索なし	◎				
147	＋α	不動産投資 2棟目	N/A	20	解説記事	Know（不動産投資について知りたい）	解説記事	基礎解説	◎		基礎解説		基礎解説
148	＋α	不動産投資 2ldk	40	10	解説記事	Know（不動産投資について知りたい）	解説記事	基礎解説			基礎解説		基礎解説
149	＋α	不動産投資 2ch	N/A	20	解説記事	Know（不動産投資について知りたい）	解説記事	基礎解説	◎		基礎解説		基礎解説
150	＋α	不動産投資 20代 体験談	28	20	体験記事	Know（自分の属性で投資できるか知りたい）	体験談	属性・年収別	◎		年収別ガイド	不動産投資は年収いくらから？属性別の戦略	属性別の始め方
151	＋α	不動産投資 2軒目	N/A	10	解説記事	Know（不動産投資について知りたい）	解説記事	基礎解説	◎		基礎解説		基礎解説
152	＋α	不動産投資 2000万円	N/A	30	体験記事	Know（必要な資金を知りたい）	体験談	必要資金	◎		必要資金	不動産投資の初期費用・必要資金｜予算別の投資プラン	収支・利回り
153	＋α	不動産投資 2025	36	20	解説記事	Know（不動産投資について知りたい）	解説記事	基礎解説	◎		基礎解説		基礎解説
154	＋α	不動産投資 300万	N/A	40	体験記事	Know（必要な資金を知りたい）	体験談	必要資金	◎		必要資金	不動産投資の初期費用・必要資金｜予算別の投資プラン	収支・利回り
155	＋α	不動産投資 3件目	N/A	20	解説記事	Know（不動産投資について知りたい）	解説記事	基礎解説	◎		基礎解説		基礎解説
156	＋α	不動産投資 3ldk	N/A	10	解説記事	Know（不動産投資について知りたい）	解説記事	基礎解説	◎		基礎解説		基礎解説
157	＋α	不動産投資 3億	N/A	10	体験記事	Know（必要な資金を知りたい）	体験談	必要資金	◎		必要資金	不動産投資の初期費用・必要資金｜予算別の投資プラン	収支・利回り
158	＋α	不動産投資 35年後	N/A	10	解説記事	Know（時期・期間を知りたい）	実践ガイド	時期・タイミング	◎		投資期間	不動産投資の回収期間｜何年で元が取れる？	始め方ガイド
159	＋α	不動産投資 3000万円	N/A	20	体験記事	Know（必要な資金を知りたい）	体験談	必要資金	◎		必要資金	不動産投資の初期費用・必要資金｜予算別の投資プラン	収支・利回り
160	＋α	不動産投資 35年ローン	55	30	体験記事	Know（ローン・融資のリアルを知りたい）	体験談	ローン・融資体験			ローン基礎	不動産投資ローンとは？仕組み・おすすめ銀行・選び方	融資・ローン体験
161	＋α	不動産投資 30代	31	70	体験記事	Know（自分の属性で投資できるか知りたい）	体験談	属性・年収別	◎		年収別ガイド	不動産投資は年収いくらから？属性別の戦略	属性別の始め方
162	＋α	不動産投資 40代	30	40	体験記事	Know（自分の属性で投資できるか知りたい）	体験談	属性・年収別	◎		年収別ガイド	不動産投資は年収いくらから？属性別の戦略	属性別の始め方
163	＋α	不動産投資 400万	N/A	10	体験記事	Know（必要な資金を知りたい）	体験談	必要資金	◎		必要資金	不動産投資の初期費用・必要資金｜予算別の投資プラン	収支・利回り
164	＋α	不動産投資 4000万	N/A	10	体験記事	Know（必要な資金を知りたい）	体験談	必要資金	◎		必要資金	不動産投資の初期費用・必要資金｜予算別の投資プラン	収支・利回り
165	＋α	不動産投資 45年ローン	28	10	体験記事	Know（ローン・融資のリアルを知りたい）	体験談	ローン・融資体験	◎		ローン基礎	不動産投資ローンとは？仕組み・おすすめ銀行・選び方	融資・ローン体験
166	＋α	不動産投資 4件	N/A	0	削除			検索なし	◎				
167	＋α	不動産投資 40年ローン	N/A	0	削除			検索なし	◎				
168	＋α	不動産投資 4	N/A	0	削除			検索なし	◎				
169	＋α	不動産投資 利回り 4	N/A	10	解説記事	Know（利回り・収支の実態を知りたい）	実践ガイド	利回り・収支	◎		利回り基礎	不動産投資の利回りとは？計算方法と目安を解説	収支・利回り
170	＋α	40歳 不動産投資	46	0	削除			検索なし					
171	＋α	4億 不動産投資	40	0	削除			検索なし					
172	＋α	不動産投資 500万	27	70	体験記事	Know（必要な資金を知りたい）	体験談	必要資金	◎		必要資金	不動産投資の初期費用・必要資金｜予算別の投資プラン	収支・利回り
173	＋α	不動産投資 5万円	31	20	体験記事	Know（必要な資金を知りたい）	体験談	必要資金	◎		必要資金	不動産投資の初期費用・必要資金｜予算別の投資プラン	収支・利回り
174	＋α	不動産投資 50代	41	70	体験記事	Know（自分の属性で投資できるか知りたい）	体験談	属性・年収別			年収別ガイド	不動産投資は年収いくらから？属性別の戦略	属性別の始め方
175	＋α	不動産投資 5年	N/A	10	解説記事	Know（時期・期間を知りたい）	実践ガイド	時期・タイミング	◎		投資期間	不動産投資の回収期間｜何年で元が取れる？	始め方ガイド
176	＋α	不動産投資 5棟10室	N/A	10	解説記事	Know（不動産投資について知りたい）	解説記事	基礎解説	◎		基礎解説		基礎解説
177	＋α	不動産投資 5年ルール	53	10	解説記事	Know（時期・期間を知りたい）	実践ガイド	時期・タイミング			投資期間	不動産投資の回収期間｜何年で元が取れる？	始め方ガイド
178	＋α	不動産投資 5ch	34	20	解説記事	Know（不動産投資について知りたい）	解説記事	基礎解説	◎		基礎解説		基礎解説
179	＋α	不動産投資 5億	N/A	10	体験記事	Know（必要な資金を知りたい）	体験談	必要資金	◎		必要資金	不動産投資の初期費用・必要資金｜予算別の投資プラン	収支・利回り
180	＋α	不動産投資 5000万	N/A	30	体験記事	Know（必要な資金を知りたい）	体験談	必要資金	◎		必要資金	不動産投資の初期費用・必要資金｜予算別の投資プラン	収支・利回り
181	＋α	不動産投資 5年で売却	N/A	0	削除			検索なし	◎				
182	＋α	不動産投資 60代	N/A	10	解説記事	Know（不動産投資について知りたい）	解説記事	基礎解説	◎		基礎解説		基礎解説
183	＋α	不動産投資 6000万円	37	0	削除			検索なし	◎				
184	＋α	不動産投資 600万	N/A	20	体験記事	Know（必要な資金を知りたい）	体験談	必要資金	◎		必要資金	不動産投資の初期費用・必要資金｜予算別の投資プラン	収支・利回り
185	＋α	不動産投資 返済比率 60	27	30	解説記事	Know（具体的な数値を知りたい）	実践ガイド	具体例・数値	◎		返済比率	不動産投資の返済比率の目安｜理想は何%？	収支・利回り
186	＋α	不動産投資 利回り 6パーセント	30	0	削除			検索なし	◎				
187	＋α	不動産投資 利回り 6	29	10	解説記事	Know（利回り・収支の実態を知りたい）	実践ガイド	利回り・収支	◎		利回り基礎	不動産投資の利回りとは？計算方法と目安を解説	収支・利回り
188	＋α	60歳からの 不動産投資	N/A	20	解説記事	Know（不動産投資について知りたい）	解説記事	基礎解説	◎		基礎解説		基礎解説
189	＋α	60歳 不動産投資	29	0	削除			検索なし	◎				
190	＋α	不動産投資 7億円	N/A	10	体験記事	Know（必要な資金を知りたい）	体験談	必要資金	◎		必要資金	不動産投資の初期費用・必要資金｜予算別の投資プラン	収支・利回り
191	＋α	不動産投資 700万	29	20	体験記事	Know（必要な資金を知りたい）	体験談	必要資金	◎		必要資金	不動産投資の初期費用・必要資金｜予算別の投資プラン	収支・利回り
192	＋α	不動産投資 7	N/A	10	解説記事	Know（不動産投資について知りたい）	解説記事	基礎解説	◎		基礎解説		基礎解説
193	＋α	不動産投資 返済比率 70	25	20	解説記事	Know（具体的な数値を知りたい）	実践ガイド	具体例・数値	◎		返済比率	不動産投資の返済比率の目安｜理想は何%？	収支・利回り
194	＋α	不動産投資 利回り 7	N/A	10	解説記事	Know（利回り・収支の実態を知りたい）	実践ガイド	利回り・収支	◎		利回り基礎	不動産投資の利回りとは？計算方法と目安を解説	収支・利回り
195	＋α	7000万 不動産投資	N/A	0	削除			検索なし	◎				
196	＋α	70歳 不動産投資	33	0	削除			検索なし	◎				
197	＋α	不動産投資 8	N/A	10	解説記事	Know（不動産投資について知りたい）	解説記事	基礎解説	◎		基礎解説		基礎解説
198	＋α	不動産投資 800万	N/A	20	体験記事	Know（必要な資金を知りたい）	体験談	必要資金	◎		必要資金	不動産投資の初期費用・必要資金｜予算別の投資プラン	収支・利回り
199	＋α	不動産投資 利回り 8	44	10	解説記事	Know（利回り・収支の実態を知りたい）	実践ガイド	利回り・収支			利回り基礎	不動産投資の利回りとは？計算方法と目安を解説	収支・利回り
200	＋α	8000万円 不動産投資	N/A	0	削除			検索なし	◎				
201	＋α	9gates 不動産投資	N/A	10	解説記事	Know（不動産投資について知りたい）	解説記事	基礎解説	◎		基礎解説		基礎解説
202	＋α	不動産投資 アプリ	32	210	解説記事	Do（計算したい → ooya.techへ誘導）	ツール紹介	計算→ooya.tech誘導	◎		ツール紹介	不動産投資シミュレーションツール｜無料で使える計算ツール	ツール紹介
203	＋α	不動産投資 アパート	40	320	体験記事	Know（物件選びの実体験を知りたい）	体験談	物件選び			アパート一棟投資	アパート一棟買い投資の体験談｜メリットと注意点	物件選び
204	＋α	不動産投資 青色申告	42	110	解説記事	Know（節税・税金の実務を知りたい）	実践ガイド	節税・税金			確定申告	不動産投資の確定申告やり方ガイド｜初年度の体験談	税金・節税
205	＋α	不動産投資 頭金	39	140	体験記事	Know（ローン・融資のリアルを知りたい）	体験談	ローン・融資体験	◎		ローン頭金	不動産投資の頭金はいくら必要？フルローンは可能？	融資・ローン体験
206	＋α	不動産投資 amazonギフト券	23	210	解説記事	Know（不動産投資について知りたい）	解説記事	基礎解説	◎		基礎解説		基礎解説
207	＋α	不動産投資 アパート経営	N/A	70	体験記事	Know（物件選びの実体験を知りたい）	体験談	物件選び	◎		アパート一棟投資	アパート一棟買い投資の体験談｜メリットと注意点	物件選び
208	＋α	不動産投資 ai	43	50	解説記事	Know（不動産投資について知りたい）	解説記事	基礎解説			基礎解説		基礎解説
209	＋α	不動産投資 赤字 節税	33	30	解説記事	Know（節税・税金の実務を知りたい）	実践ガイド	節税・税金	◎		節税基礎	不動産投資の節税・税金の基礎知識まとめ	税金・節税
210	＋α	不動産投資 赤字	N/A	50	解説記事	Know（不動産投資について知りたい）	解説記事	基礎解説	◎		基礎解説		基礎解説
211	＋α	不動産投資 青色申告 サラリーマン	49	30	体験記事	Know（自分の属性で投資できるか知りたい）	体験談	属性・年収別			確定申告	不動産投資の確定申告やり方ガイド｜初年度の体験談	税金・節税
212	＋α	不動産投資 いくらから	33	390	解説記事	Know（相場・目安を知りたい）	実践ガイド	相場・目安	◎		必要資金	不動産投資の初期費用・必要資金｜予算別の投資プラン	収支・利回り
213	＋α	不動産投資 いくら必要	48	90	解説記事	Know（相場・目安を知りたい）	実践ガイド	相場・目安			必要資金	不動産投資の初期費用・必要資金｜予算別の投資プラン	収支・利回り
214	＋α	不動産投資 いくら儲かる	32	70	解説記事	Know（相場・目安を知りたい）	実践ガイド	相場・目安	◎		成功と現実	不動産投資は儲かる？成功率と儲かる人の特徴	始め方ガイド
215	＋α	不動産投資 一棟買い	N/A	70	体験記事	Know（物件選びの実体験を知りたい）	体験談	物件選び	◎		アパート一棟投資	アパート一棟買い投資の体験談｜メリットと注意点	物件選び
216	＋α	不動産投資 irr 目安	24	40	解説記事	Know（相場・目安を知りたい）	実践ガイド	相場・目安	◎		必要資金	不動産投資の初期費用・必要資金｜予算別の投資プラン	収支・利回り
217	＋α	不動産投資 一軒家	N/A	50	解説記事	Know（不動産投資について知りたい）	解説記事	基礎解説	◎		基礎解説		基礎解説
218	＋α	不動産投資 一棟目	24	30	体験記事	Know（物件選びの実体験を知りたい）	体験談	物件選び	◎		アパート一棟投資	アパート一棟買い投資の体験談｜メリットと注意点	物件選び
219	＋α	不動産投資 インカムゲイン	44	40	解説記事	Know（不動産投資について知りたい）	解説記事	基礎解説			基礎解説		基礎解説
220	＋α	不動産投資 一棟アパート	N/A	70	体験記事	Know（物件選びの実体験を知りたい）	体験談	物件選び	◎		アパート一棟投資	アパート一棟買い投資の体験談｜メリットと注意点	物件選び
221	＋α	不動産投資 売るタイミング	47	20	体験記事	Know（売却・出口戦略のリアルを知りたい）	体験談	売却・出口			売却・出口戦略	不動産投資の出口戦略｜売却タイミングの判断基準	大家の実務
222	＋α	不動産投資 宇都宮	39	50	解説記事	Know（不動産投資について知りたい）	解説記事	基礎解説	◎		基礎解説		基礎解説
223	＋α	不動産投資 売れない	33	10	解説記事	Know（不動産投資について知りたい）	解説記事	基礎解説	◎		基礎解説		基礎解説
224	＋α	不動産投資 運転資金	N/A	10	体験記事	Know（必要な資金を知りたい）	体験談	必要資金	◎		必要資金	不動産投資の初期費用・必要資金｜予算別の投資プラン	収支・利回り
225	＋α	不動産投資 うまくいかない	28	10	体験記事	Know（成功事例を知りたい）	体験談	成功事例	◎		失敗体験	不動産投資の失敗談｜私が経験した失敗と教訓	失敗談・リアルな話
226	＋α	不動産投資 英語	N/A	210	削除			翻訳KW	◎				
227	＋α	不動産投資 営業	29	260	解説記事	Know（不動産投資について知りたい）	解説記事	基礎解説	◎		基礎解説		基礎解説
228	＋α	不動産投資 etf	N/A	30	解説記事	Know（不動産投資について知りたい）	解説記事	基礎解説	◎		基礎解説		基礎解説
229	＋α	不動産投資 営業 うざい	26	50	解説記事	Know（不動産投資について知りたい）	解説記事	基礎解説	◎		基礎解説		基礎解説
230	＋α	不動産投資 営業 しつこい	32	20	解説記事	Know（不動産投資について知りたい）	解説記事	基礎解説	◎		基礎解説		基礎解説
231	＋α	不動産投資 営業電話	28	50	解説記事	Know（不動産投資について知りたい）	解説記事	基礎解説	◎		基礎解説		基礎解説
232	＋α	不動産投資 エクセル	39	20	解説記事	Do（計算したい → ooya.techへ誘導）	ツール紹介	計算→ooya.tech誘導	◎		ツール紹介	不動産投資シミュレーションツール｜無料で使える計算ツール	ツール紹介
233	＋α	不動産投資 エスリード	38	140	解説記事	Know（不動産投資について知りたい）	解説記事	基礎解説	◎		基礎解説		基礎解説
234	＋α	不動産投資 エクセル テンプレート	28	40	解説記事	Do（計算したい → ooya.techへ誘導）	ツール紹介	計算→ooya.tech誘導	◎		ツール紹介	不動産投資シミュレーションツール｜無料で使える計算ツール	ツール紹介
235	＋α	不動産投資 エクセル シミュレーション	28	10	解説記事	Do（計算したい → ooya.techへ誘導）	ツール紹介	計算→ooya.tech誘導	◎		ツール紹介	不動産投資シミュレーションツール｜無料で使える計算ツール	ツール紹介
236	＋α	不動産投資 大阪	37	480	削除			地域KW	◎				
237	＋α	不動産投資 大手	29	90	解説記事	Know（不動産投資について知りたい）	解説記事	基礎解説	◎		基礎解説		基礎解説
238	＋α	不動産投資 沖縄	27	260	削除			地域KW	◎				
239	＋α	不動産投資 オーナーチェンジ	34	40	体験記事	Know（運営のリアルを知りたい）	体験談	管理・運営	◎		管理・運営	不動産投資の管理会社選び｜大家としての運営体験	大家の実務
240	＋α	不動産投資 おすすめ会社	52	210	解説記事	Buy（サービスを選びたい）	比較記事	おすすめ・比較			おすすめ会社	不動産投資会社おすすめランキング｜比較と選び方	勉強・情報収集
241	＋α	不動産投資 落とし穴	N/A	40	体験記事	Know（リスク・注意点を知りたい）	体験談	リスク・注意点	◎		リスク対策	不動産投資のリスク一覧と対策｜実体験から学ぶヘッジ策	失敗談・リアルな話
242	＋α	不動産投資 オルタナ	N/A	30	解説記事	Know（不動産投資について知りたい）	解説記事	基礎解説	◎		基礎解説		基礎解説
243	＋α	不動産投資 会社設立	30	110	解説記事	Know（不動産投資について知りたい）	解説記事	基礎解説	◎		基礎解説		基礎解説
244	＋α	不動産投資 借入	33	90	体験記事	Know（ローン・融資のリアルを知りたい）	体験談	ローン・融資体験	◎		ローン借入額	不動産投資ローンはいくらまで借りられる？シミュレーション付き	融資・ローン体験
245	＋α	不動産投資 火災保険	45	50	解説記事	Know（不動産投資について知りたい）	解説記事	基礎解説			基礎解説		基礎解説
246	＋α	不動産投資 管理会社	32	70	体験記事	Know（運営のリアルを知りたい）	体験談	管理・運営	◎	要確認	管理・運営	不動産投資の管理会社選び｜大家としての運営体験	大家の実務
247	＋α	不動産投資 海外	43	1000	解説記事	Know（不動産投資について知りたい）	解説記事	基礎解説			基礎解説		基礎解説
248	＋α	不動産投資 借り換え	54	70	体験記事	Know（ローン・融資のリアルを知りたい）	体験談	ローン・融資体験			ローン融資全般	不動産投資の融資・審査事情｜通すためにやったこと	融資・ローン体験
249	＋α	不動産投資 金利	42	480	体験記事	Know（ローン・融資のリアルを知りたい）	体験談	ローン・融資体験			ローン金利比較	不動産投資ローン金利比較ランキング｜低金利で借りるコツ	融資・ローン体験
250	＋α	不動産投資 キャッシュフロー	25	210	解説記事	Know（利回り・収支の実態を知りたい）	実践ガイド	利回り・収支	◎		キャッシュフロー	不動産投資のキャッシュフロー計算｜月々いくら残る？	収支・利回り
251	＋α	不動産投資 金利上昇	32	140	体験記事	Know（ローン・融資のリアルを知りたい）	体験談	ローン・融資体験	◎		ローン金利比較	不動産投資ローン金利比較ランキング｜低金利で借りるコツ	融資・ローン体験
252	＋α	不動産投資 金利 相場	46	40	体験記事	Know（ローン・融資のリアルを知りたい）	体験談	ローン・融資体験		要確認	ローン金利比較	不動産投資ローン金利比較ランキング｜低金利で借りるコツ	融資・ローン体験
253	＋α	不動産投資 キャンペーン	29	110	解説記事	Know（不動産投資について知りたい）	解説記事	基礎解説	◎		基礎解説		基礎解説
254	＋α	不動産投資 キャッシュフロー 目安	29	50	解説記事	Know（利回り・収支の実態を知りたい）	実践ガイド	利回り・収支	◎		キャッシュフロー	不動産投資のキャッシュフロー計算｜月々いくら残る？	収支・利回り
255	＋α	不動産投資 キャピタルゲイン	25	70	解説記事	Know（不動産投資について知りたい）	解説記事	基礎解説	◎		基礎解説		基礎解説
256	＋α	不動産投資 キャメル	41	50	解説記事	Know（不動産投資について知りたい）	解説記事	基礎解説			基礎解説		基礎解説
257	＋α	不動産投資 企業	32	90	解説記事	Know（不動産投資について知りたい）	解説記事	基礎解説	◎		基礎解説		基礎解説
258	＋α	不動産投資 京都	36	260	削除			地域KW	◎				
259	＋α	不動産投資 クラウドファンディング	30	480	削除			REIT・CF（対象外）	◎				
260	＋α	不動産投資 繰り上げ返済	32	90	解説記事	Know（不動産投資について知りたい）	解説記事	基礎解説	◎		基礎解説		基礎解説
261	＋α	不動産投資 クーリングオフ	N/A	70	解説記事	Know（不動産投資について知りたい）	解説記事	基礎解説	◎		基礎解説		基礎解説
262	＋α	不動産投資 熊本	38	90	削除			地域KW	◎				
263	＋α	不動産投資 クリアル	50	40	解説記事	Know（不動産投資について知りたい）	解説記事	基礎解説			基礎解説		基礎解説
264	＋α	不動産投資 クレジットカード	N/A	30	解説記事	Know（不動産投資について知りたい）	解説記事	基礎解説	◎		基礎解説		基礎解説
265	＋α	不動産投資 空室保証	23	30	体験記事	Know（運営のリアルを知りたい）	体験談	管理・運営	◎		管理・運営		大家の実務
266	＋α	不動産投資 空室リスク	27	40	体験記事	Know（リスク・注意点を知りたい）	体験談	リスク・注意点	◎		リスク対策	不動産投資のリスク一覧と対策｜実体験から学ぶヘッジ策	失敗談・リアルな話
267	＋α	不動産投資 口コミ	28	30	解説記事	Buy（サービスを選びたい）	比較記事	おすすめ・比較	◎		おすすめ会社	不動産投資会社おすすめランキング｜比較と選び方	勉強・情報収集
268	＋α	不動産投資 繰り上げ返済 シミュレーション	53	30	解説記事	Do（計算したい → ooya.techへ誘導）	ツール紹介	計算→ooya.tech誘導			ツール紹介	不動産投資シミュレーションツール｜無料で使える計算ツール	ツール紹介
269	＋α	不動産投資 経費	42	480	解説記事	Know（節税・税金の実務を知りたい）	実践ガイド	節税・税金			経費	不動産投資で経費にできるもの一覧｜実際の計上体験	税金・節税
270	＋α	不動産投資 経費 いくらまで	30	170	解説記事	Know（節税・税金の実務を知りたい）	実践ガイド	節税・税金	◎		経費	不動産投資で経費にできるもの一覧｜実際の計上体験	税金・節税
271	＋α	不動産投資 経費 車	33	40	解説記事	Know（節税・税金の実務を知りたい）	実践ガイド	節税・税金	◎		経費	不動産投資で経費にできるもの一覧｜実際の計上体験	税金・節税
272	＋α	不動産投資 経費 パソコン	32	70	解説記事	Know（節税・税金の実務を知りたい）	実践ガイド	節税・税金	◎		経費	不動産投資で経費にできるもの一覧｜実際の計上体験	税金・節税
273	＋α	不動産投資 経費計上	47	30	解説記事	Know（節税・税金の実務を知りたい）	実践ガイド	節税・税金			経費	不動産投資で経費にできるもの一覧｜実際の計上体験	税金・節税
274	＋α	不動産投資 経費にできるもの	N/A	30	解説記事	Know（節税・税金の実務を知りたい）	実践ガイド	節税・税金	◎		経費	不動産投資で経費にできるもの一覧｜実際の計上体験	税金・節税
275	＋α	不動産投資 経費 自宅家賃	33	50	解説記事	Know（節税・税金の実務を知りたい）	実践ガイド	節税・税金	◎		経費	不動産投資で経費にできるもの一覧｜実際の計上体験	税金・節税
276	＋α	不動産投資 経費 節税	48	40	解説記事	Know（節税・税金の実務を知りたい）	実践ガイド	節税・税金			経費	不動産投資で経費にできるもの一覧｜実際の計上体験	税金・節税
277	＋α	不動産投資 経費 どこまで	48	50	解説記事	Know（節税・税金の実務を知りたい）	実践ガイド	節税・税金			経費	不動産投資で経費にできるもの一覧｜実際の計上体験	税金・節税
278	＋α	不動産投資 経費 旅行	30	10	解説記事	Know（節税・税金の実務を知りたい）	実践ガイド	節税・税金	◎		経費	不動産投資で経費にできるもの一覧｜実際の計上体験	税金・節税
279	＋α	不動産投資 公務員	26	1000	体験記事	Know（自分の属性で投資できるか知りたい）	体験談	属性・年収別	◎		サラリーマン向け	サラリーマン・公務員の不動産投資体験｜副業としての始め方	属性別の始め方
280	＋α	不動産投資 個人事業主	30	210	解説記事	Know（不動産投資について知りたい）	解説記事	基礎解説	◎		基礎解説		基礎解説
281	＋α	不動産投資 断り方	N/A	110	削除			勧誘・広告系	◎				
282	＋α	不動産投資 固定資産税	29	110	解説記事	Know（不動産投資について知りたい）	解説記事	基礎解説	◎		基礎解説		基礎解説
283	＋α	不動産投資 小口	31	590	解説記事	Know（不動産投資について知りたい）	解説記事	基礎解説	◎		基礎解説		基礎解説
284	＋α	不動産投資 個人	33	110	解説記事	Know（不動産投資について知りたい）	解説記事	基礎解説	◎		基礎解説		基礎解説
285	＋α	不動産投資 戸建て	39	210	体験記事	Know（物件選びの実体験を知りたい）	体験談	物件選び	◎		戸建て投資	戸建て不動産投資の始め方｜少額から始める方法	物件選び
286	＋α	不動産投資 今後	24	70	解説記事	Know（今後の見通しを知りたい）	解説記事	市場動向	◎		市場動向	不動産投資の今後｜市場動向と将来性を分析	始め方ガイド
287	＋α	不動産投資 控除	49	40	解説記事	Know（不動産投資について知りたい）	解説記事	基礎解説			基礎解説		基礎解説
288	＋α	不動産投資 固定資産税 経費	47	40	解説記事	Know（節税・税金の実務を知りたい）	実践ガイド	節税・税金			経費	不動産投資で経費にできるもの一覧｜実際の計上体験	税金・節税
289	＋α	不動産投資 サラリーマン	31	590	体験記事	Know（自分の属性で投資できるか知りたい）	体験談	属性・年収別	◎		サラリーマン向け	サラリーマン・公務員の不動産投資体験｜副業としての始め方	属性別の始め方
290	＋α	不動産投資 札幌	36	320	削除			地域KW	◎				
291	＋α	不動産投資 サイト	29	260	解説記事	Know（不動産投資について知りたい）	解説記事	基礎解説	◎		基礎解説		基礎解説
292	＋α	不動産投資 サブリース	32	110	解説記事	Know（不動産投資について知りたい）	解説記事	基礎解説	◎		基礎解説		基礎解説
293	＋α	不動産投資 サブリースとは	47	30	解説記事	Know（基礎知識を知りたい）	解説記事	基礎解説			基礎解説		基礎解説
294	＋α	不動産投資 サラリーマン 節税	41	320	体験記事	Know（自分の属性で投資できるか知りたい）	体験談	属性・年収別			サラリーマン節税	サラリーマンの不動産投資節税術｜年収別シミュレーション	税金・節税
295	＋α	不動産投資 詐欺 逮捕	36	50	体験記事	Know（失敗・後悔のリアルを知りたい）	体験談	失敗・後悔談	◎		失敗体験	不動産投資の失敗談｜私が経験した失敗と教訓	失敗談・リアルな話
296	＋α	不動産投資 最強の教科書	23	40	解説記事	Know（不動産投資について知りたい）	解説記事	基礎解説	◎		基礎解説		基礎解説
297	＋α	不動産投資 サブリース デメリット	25	30	体験記事	Know（メリット・デメリットを知りたい）	体験談	メリデメ	◎	要確認	メリット・デメリット	不動産投資のメリット・デメリット｜向いている人の特徴	始め方ガイド
298	＋α	不動産投資 少額	33	720	解説記事	Know（不動産投資について知りたい）	解説記事	基礎解説	◎		基礎解説		基礎解説
299	＋α	不動産投資 シミュレーション	31	880	解説記事	Do（計算したい → ooya.techへ誘導）	ツール紹介	計算→ooya.tech誘導	◎		ツール紹介	不動産投資シミュレーションツール｜無料で使える計算ツール	ツール紹介
300	＋α	不動産投資 資格	27	320	解説記事	Know（不動産投資の勉強方法を知りたい）	まとめ記事	勉強・書籍	◎		勉強法	不動産投資の勉強方法｜おすすめセミナー・資格・学び方	勉強・情報収集
301	＋α	不動産投資 初期費用	28	320	体験記事	Know（必要な資金を知りたい）	体験談	必要資金	◎		必要資金	不動産投資の初期費用・必要資金｜予算別の投資プラン	収支・利回り
302	＋α	不動産投資 種類	31	320	解説記事	Know（不動産投資について知りたい）	解説記事	基礎解説	◎		基礎解説		基礎解説
303	＋α	不動産投資 仕組み	30	390	解説記事	Know（基礎知識を知りたい）	解説記事	基礎解説	◎		基礎解説		基礎解説
304	＋α	不動産投資 スキーム	N/A	40	解説記事	Know（不動産投資について知りたい）	解説記事	基礎解説	◎		基礎解説		基礎解説
305	＋α	不動産投資 住む	N/A	20	解説記事	Know（不動産投資について知りたい）	解説記事	基礎解説	◎		基礎解説		基礎解説
306	＋α	不動産投資 スクール	25	70	解説記事	Know（不動産投資について知りたい）	解説記事	基礎解説	◎		基礎解説		基礎解説
307	＋α	不動産投資 スーモ	39	20	解説記事	Know（不動産投資について知りたい）	解説記事	基礎解説	◎		基礎解説		基礎解説
308	＋α	不動産投資 進め方	N/A	20	解説記事	Know（不動産投資について知りたい）	解説記事	基礎解説	◎		基礎解説		基礎解説
309	＋α	不動産投資 推移	N/A	10	解説記事	Know（不動産投資について知りたい）	解説記事	基礎解説	◎		基礎解説		基礎解説
310	＋α	不動産投資 住みながら	25	0	削除			検索なし	◎				
311	＋α	不動産投資 勧めてくる	N/A	0	削除			検索なし	◎				
312	＋α	不動産投資 すぐに売る	45	0	削除			検索なし					
313	＋α	不動産投資 スマホ 経費	N/A	0	削除			検索なし	◎				
314	＋α	不動産投資 セミナー	41	720	解説記事	Know（不動産投資の勉強方法を知りたい）	まとめ記事	勉強・書籍			勉強法	不動産投資の勉強方法｜おすすめセミナー・資格・学び方	勉強・情報収集
315	＋α	不動産投資 成功率	39	1000	体験記事	Know（成功事例を知りたい）	体験談	成功事例	◎		成功と現実	不動産投資は儲かる？成功率と儲かる人の特徴	始め方ガイド
316	＋α	不動産投資 仙台	26	110	削除			地域KW	◎				
317	＋α	不動産投資 成功例	31	70	体験記事	Know（成功事例を知りたい）	体験談	成功事例	◎		成功と現実	不動産投資は儲かる？成功率と儲かる人の特徴	始め方ガイド
318	＋α	不動産投資 相談	31	260	解説記事	Know（不動産投資について知りたい）	解説記事	基礎解説	◎		基礎解説		基礎解説
319	＋α	不動産投資 損益通算	32	90	解説記事	Know（不動産投資について知りたい）	解説記事	基礎解説	◎		基礎解説		基礎解説
320	＋α	不動産投資 相続	28	50	解説記事	Know（不動産投資について知りたい）	解説記事	基礎解説	◎		基礎解説		基礎解説
321	＋α	不動産投資 相続税対策	31	110	解説記事	Know（不動産投資について知りたい）	解説記事	基礎解説	◎		基礎解説		基礎解説
322	＋α	不動産投資 相続対策	30	40	解説記事	Know（不動産投資について知りたい）	解説記事	基礎解説	◎		基礎解説		基礎解説
323	＋α	不動産投資 損益分岐点	N/A	40	解説記事	Know（不動産投資について知りたい）	解説記事	基礎解説	◎		基礎解説		基礎解説
324	＋α	不動産投資 相談先	33	20	解説記事	Know（不動産投資について知りたい）	解説記事	基礎解説	◎		基礎解説		基礎解説
325	＋α	不動産投資 損する	N/A	10	解説記事	Know（不動産投資について知りたい）	解説記事	基礎解説	◎		基礎解説		基礎解説
326	＋α	不動産投資 想定利回り	N/A	10	解説記事	Know（利回り・収支の実態を知りたい）	実践ガイド	利回り・収支	◎		利回り基礎	不動産投資の利回りとは？計算方法と目安を解説	収支・利回り
327	＋α	不動産投資 訴訟	N/A	10	解説記事	Know（不動産投資について知りたい）	解説記事	基礎解説	◎		基礎解説		基礎解説
328	＋α	不動産投資 宅建	27	260	解説記事	Know（不動産投資について知りたい）	解説記事	基礎解説	◎		基礎解説		基礎解説
329	＋α	不動産投資 tapp	N/A	30	解説記事	Know（不動産投資について知りたい）	解説記事	基礎解説	◎		基礎解説		基礎解説
330	＋α	不動産投資 タイミング	28	20	解説記事	Know（時期・期間を知りたい）	実践ガイド	時期・タイミング	◎		投資期間	不動産投資の回収期間｜何年で元が取れる？	始め方ガイド
331	＋α	不動産投資 滝島	26	20	解説記事	Know（不動産投資について知りたい）	解説記事	基礎解説	◎		基礎解説		基礎解説
332	＋α	不動産投資 宅建士	26	20	解説記事	Know（不動産投資について知りたい）	解説記事	基礎解説	◎		基礎解説		基礎解説
333	＋α	不動産投資 逮捕	N/A	30	解説記事	Know（不動産投資について知りたい）	解説記事	基礎解説	◎		基礎解説		基礎解説
334	＋α	不動産投資 タワマン	N/A	20	解説記事	Know（不動産投資について知りたい）	解説記事	基礎解説	◎		基礎解説		基礎解説
335	＋α	不動産投資 短期	N/A	10	解説記事	Know（不動産投資について知りたい）	解説記事	基礎解説	◎		基礎解説		基礎解説
336	＋α	不動産投資 大家	N/A	20	体験記事	Know（運営のリアルを知りたい）	体験談	管理・運営	◎		管理・運営	不動産投資の管理会社選び｜大家としての運営体験	大家の実務
337	＋α	不動産投資 田中	N/A	0	削除			検索なし	◎				
338	＋α	不動産投資 小さく始める	31	210	体験記事	Know（不動産投資の始め方を知りたい）	体験談	始め方・初心者向け	◎		始め方ガイド	不動産投資の始め方｜初心者が最初にやるべき5ステップ	始め方ガイド
339	＋α	不動産投資 駐車場	30	110	解説記事	Know（不動産投資について知りたい）	解説記事	基礎解説	◎		基礎解説		基礎解説
340	＋α	不動産投資 中古マンション	N/A	70	体験記事	Know（物件選びの実体験を知りたい）	体験談	物件選び	◎		マンション投資	マンション・ワンルーム投資のリアル｜メリットと注意点	物件選び
341	＋α	不動産投資 中古戸建	N/A	40	体験記事	Know（物件選びの実体験を知りたい）	体験談	物件選び	◎		物件選び基礎	不動産投資の物件探し｜優良物件を見つける方法	物件選び
342	＋α	不動産投資 注意点	N/A	70	体験記事	Know（リスク・注意点を知りたい）	体験談	リスク・注意点	◎		リスク対策	不動産投資のリスク一覧と対策｜実体験から学ぶヘッジ策	失敗談・リアルな話
343	＋α	不動産投資 地方	29	110	解説記事	Know（不動産投資について知りたい）	解説記事	基礎解説	◎		基礎解説		基礎解説
344	＋α	不動産投資 知恵袋	42	40	削除			QAサイト					
345	＋α	不動産投資 賃貸	N/A	70	解説記事	Know（不動産投資について知りたい）	解説記事	基礎解説	◎		基礎解説		基礎解説
346	＋α	不動産投資 賃貸経営	49	20	解説記事	Know（不動産投資について知りたい）	解説記事	基礎解説			基礎解説		基礎解説
347	＋α	不動産投資 仲介手数料	N/A	40	解説記事	Know（不動産投資について知りたい）	解説記事	基礎解説	◎		基礎解説		基礎解説
348	＋α	不動産投資 月1万	N/A	50	体験記事	Know（必要な資金を知りたい）	体験談	必要資金	◎		必要資金	不動産投資の初期費用・必要資金｜予算別の投資プラン	収支・利回り
349	＋α	不動産投資 積立	N/A	20	解説記事	Know（不動産投資について知りたい）	解説記事	基礎解説	◎		基礎解説		基礎解説
350	＋α	不動産投資 月いくら	N/A	10	解説記事	Know（相場・目安を知りたい）	実践ガイド	相場・目安	◎		必要資金	不動産投資の初期費用・必要資金｜予算別の投資プラン	収支・利回り
351	＋α	不動産投資 月5万	N/A	10	体験記事	Know（必要な資金を知りたい）	体験談	必要資金	◎		必要資金	不動産投資の初期費用・必要資金｜予算別の投資プラン	収支・利回り
352	＋α	不動産投資 月10万	N/A	20	体験記事	Know（必要な資金を知りたい）	体験談	必要資金	◎		必要資金	不動産投資の初期費用・必要資金｜予算別の投資プラン	収支・利回り
353	＋α	不動産投資 ツール	26	10	解説記事	Do（計算したい → ooya.techへ誘導）	ツール紹介	計算→ooya.tech誘導	◎		ツール紹介	不動産投資シミュレーションツール｜無料で使える計算ツール	ツール紹介
354	＋α	不動産投資 月極駐車場	N/A	0	削除			検索なし	◎				
355	＋α	不動産投資 つくば	40	20	解説記事	Know（不動産投資について知りたい）	解説記事	基礎解説			基礎解説		基礎解説
356	＋α	不動産投資 月々 マイナス	36	20	解説記事	Know（不動産投資について知りたい）	解説記事	基礎解説	◎		基礎解説		基礎解説
357	＋α	不動産投資 月100万	N/A	10	体験記事	Know（必要な資金を知りたい）	体験談	必要資金	◎		必要資金	不動産投資の初期費用・必要資金｜予算別の投資プラン	収支・利回り
358	＋α	不動産投資 手残り 目安	29	30	解説記事	Know（利回り・収支の実態を知りたい）	実践ガイド	利回り・収支	◎		利回り基礎	不動産投資の利回りとは？計算方法と目安を解説	収支・利回り
359	＋α	不動産投資 転職	41	40	解説記事	Know（不動産投資について知りたい）	解説記事	基礎解説			基礎解説		基礎解説
360	＋α	不動産投資 手出し	37	30	解説記事	Know（不動産投資について知りたい）	解説記事	基礎解説	◎		基礎解説		基礎解説
361	＋α	不動産投資 手付金	N/A	20	解説記事	Know（不動産投資について知りたい）	解説記事	基礎解説	◎		基礎解説		基礎解説
362	＋α	不動産投資 手数料	N/A	20	解説記事	Know（不動産投資について知りたい）	解説記事	基礎解説	◎		基礎解説		基礎解説
363	＋α	不動産投資 低額	N/A	20	解説記事	Know（不動産投資について知りたい）	解説記事	基礎解説	◎		基礎解説		基礎解説
364	＋α	不動産投資 手付金 相場	43	10	解説記事	Know（相場・目安を知りたい）	実践ガイド	相場・目安			必要資金	不動産投資の初期費用・必要資金｜予算別の投資プラン	収支・利回り
365	＋α	不動産投資 低リスク	28	10	体験記事	Know（リスク・注意点を知りたい）	体験談	リスク・注意点	◎		リスク対策	不動産投資のリスク一覧と対策｜実体験から学ぶヘッジ策	失敗談・リアルな話
366	＋α	不動産投資 店舗	29	20	解説記事	Know（不動産投資について知りたい）	解説記事	基礎解説	◎		基礎解説		基礎解説
367	＋α	不動産投資 テレアポ	35	20	解説記事	Know（不動産投資について知りたい）	解説記事	基礎解説	◎		基礎解説		基礎解説
368	＋α	不動産投資 とは	28	2900	解説記事	Know（基礎知識を知りたい）	解説記事	基礎解説	◎		基礎解説		基礎解説
369	＋α	不動産投資 東京	25	590	削除			地域KW	◎				
370	＋α	不動産投資 投資信託	N/A	70	削除			REIT・CF（対象外）	◎				
371	＋α	不動産投資 土地だけ	41	70	解説記事	Know（不動産投資について知りたい）	解説記事	基礎解説			基礎解説		基礎解説
372	＋α	不動産投資 投資信託 どっち	28	50	削除			REIT・CF（対象外）	◎				
373	＋α	不動産投資 途中で売却	42	30	体験記事	Know（売却・出口戦略のリアルを知りたい）	体験談	売却・出口			売却・出口戦略	不動産投資の出口戦略｜売却タイミングの判断基準	大家の実務
374	＋α	不動産投資 トラスト	N/A	90	解説記事	Know（不動産投資について知りたい）	解説記事	基礎解説	◎		基礎解説		基礎解説
375	＋α	不動産投資 東京 ワンルーム	26	20	削除			地域KW	◎				
376	＋α	不動産投資 トラブル	27	70	体験記事	Know（リスク・注意点を知りたい）	体験談	リスク・注意点	◎		リスク対策	不動産投資のリスク一覧と対策｜実体験から学ぶヘッジ策	失敗談・リアルな話
377	＋α	不動産投資 土地	40	20	解説記事	Know（不動産投資について知りたい）	解説記事	基礎解説			基礎解説		基礎解説
378	＋α	不動産投資 なんj	34	170	解説記事	Know（不動産投資について知りたい）	解説記事	基礎解説	◎		基礎解説		基礎解説
379	＋α	不動産投資 名古屋	35	260	削除			地域KW	◎				
380	＋α	不動産投資 何年で回収	29	50	解説記事	Know（時期・期間を知りたい）	実践ガイド	時期・タイミング	◎		投資期間	不動産投資の回収期間｜何年で元が取れる？	始め方ガイド
381	＋α	不動産投資 何から始める	43	50	体験記事	Know（不動産投資の始め方を知りたい）	体験談	始め方・初心者向け			初心者向け	不動産投資初心者が知っておくべきこと｜入門ガイド	始め方ガイド
382	＋α	不動産投資 何歳から	N/A	40	解説記事	Know（不動産投資について知りたい）	解説記事	基礎解説	◎		基礎解説		基礎解説
383	＋α	不動産投資 何円から	N/A	40	解説記事	Know（不動産投資について知りたい）	解説記事	基礎解説	◎		基礎解説		基礎解説
384	＋α	不動産投資 なぜ節税	30	20	解説記事	Know（節税・税金の実務を知りたい）	実践ガイド	節税・税金	◎		節税基礎	不動産投資の節税・税金の基礎知識まとめ	税金・節税
385	＋α	不動産投資 流れ	30	50	解説記事	Do（手続き・流れを知りたい）	実践ガイド	手順・流れ	◎		始め方ガイド	不動産投資の始め方｜初心者が最初にやるべき5ステップ	始め方ガイド
386	＋α	不動産投資 奈良	25	40	解説記事	Know（不動産投資について知りたい）	解説記事	基礎解説	◎		基礎解説		基礎解説
387	＋α	不動産投資 難易度	N/A	10	解説記事	Know（不動産投資について知りたい）	解説記事	基礎解説	◎		基礎解説		基礎解説
388	＋α	不動産投資 nisa	N/A	50	解説記事	Know（他の投資と比較したい）	比較記事	投資比較	◎		投資比較	不動産投資vs株式投資・NISA｜どっちが良い？比較検証	始め方ガイド
389	＋α	不動産投資 ニュース	43	210	解説記事	Know（不動産投資について知りたい）	解説記事	基礎解説			基礎解説		基礎解説
390	＋α	不動産投資 日本政策金融公庫	37	170	解説記事	Know（不動産投資について知りたい）	解説記事	基礎解説	◎		おすすめ本	不動産投資のおすすめ本ランキング｜初心者必読の10冊	勉強・情報収集
391	＋α	不動産投資 入門	33	50	体験記事	Know（不動産投資の始め方を知りたい）	体験談	始め方・初心者向け	◎		初心者向け	不動産投資初心者が知っておくべきこと｜入門ガイド	始め方ガイド
392	＋α	不動産投資 人気	N/A	20	解説記事	Buy（サービスを選びたい）	比較記事	おすすめ・比較	◎		おすすめ会社	不動産投資会社おすすめランキング｜比較と選び方	勉強・情報収集
393	＋α	不動産投資 ニーサ	N/A	10	解説記事	Know（不動産投資について知りたい）	解説記事	基礎解説	◎		基礎解説		基礎解説
394	＋α	不動産投資 新潟	N/A	50	削除			地域KW	◎				
395	＋α	不動産投資 入門書	48	10	体験記事	Know（不動産投資の始め方を知りたい）	体験談	始め方・初心者向け			初心者向け	不動産投資初心者が知っておくべきこと｜入門ガイド	始め方ガイド
396	＋α	不動産投資 日本	29	90	解説記事	Know（不動産投資の勉強方法を知りたい）	まとめ記事	勉強・書籍	◎		おすすめ本	不動産投資のおすすめ本ランキング｜初心者必読の10冊	勉強・情報収集
397	＋α	ヌサンタラ 不動産投資	N/A	0	削除			検索なし	◎				
398	＋α	沼津 不動産投資	22	10	解説記事	Know（不動産投資について知りたい）	解説記事	基礎解説	◎		基礎解説		基礎解説
399	＋α	不動産投資 年末調整	25	70	解説記事	Know（不動産投資について知りたい）	解説記事	基礎解説	◎		基礎解説		基礎解説
400	＋α	不動産投資 年収	32	170	体験記事	Know（自分の属性で投資できるか知りたい）	体験談	属性・年収別	◎		年収別ガイド	不動産投資は年収いくらから？属性別の戦略	属性別の始め方
401	＋α	不動産投資 年利	N/A	40	解説記事	Know（不動産投資について知りたい）	解説記事	基礎解説	◎		基礎解説		基礎解説
402	＋α	不動産投資 年収300万	30	90	体験記事	Know（自分の属性で投資できるか知りたい）	体験談	属性・年収別	◎		年収別ガイド	不動産投資は年収いくらから？属性別の戦略	属性別の始め方
403	＋α	不動産投資 年収400万	25	70	体験記事	Know（自分の属性で投資できるか知りたい）	体験談	属性・年収別	◎		年収別ガイド	不動産投資は年収いくらから？属性別の戦略	属性別の始め方
404	＋α	不動産投資 ネクスト	50	20	解説記事	Know（不動産投資について知りたい）	解説記事	基礎解説			基礎解説		基礎解説
405	＋α	不動産投資 年収いくらから	29	110	体験記事	Know（自分の属性で投資できるか知りたい）	体験談	属性・年収別	◎	要確認	年収別ガイド	不動産投資は年収いくらから？属性別の戦略	属性別の始め方
406	＋α	不動産投資 年収1000万	46	70	体験記事	Know（自分の属性で投資できるか知りたい）	体験談	属性・年収別			年収別ガイド	不動産投資は年収いくらから？属性別の戦略	属性別の始め方
407	＋α	不動産投資 年収の何倍	49	0	削除			検索なし					
408	＋α	不動産投資 年末調整 確定申告	N/A	10	解説記事	Know（節税・税金の実務を知りたい）	実践ガイド	節税・税金	◎		確定申告	不動産投資の確定申告やり方ガイド｜初年度の体験談	税金・節税
409	＋α	不動産投資 note	36	40	解説記事	Know（不動産投資について知りたい）	解説記事	基礎解説	◎		基礎解説		基礎解説
410	＋α	不動産投資 ノンバンク	40	40	解説記事	Know（不動産投資について知りたい）	解説記事	基礎解説			基礎解説		基礎解説
411	＋α	不動産投資 noi	N/A	40	解説記事	Know（不動産投資について知りたい）	解説記事	基礎解説	◎		基礎解説		基礎解説
412	＋α	不動産投資 noi利回り	N/A	10	解説記事	Know（利回り・収支の実態を知りたい）	実践ガイド	利回り・収支	◎		利回り基礎	不動産投資の利回りとは？計算方法と目安を解説	収支・利回り
413	＋α	不動産投資 ノウハウ	N/A	10	解説記事	Know（不動産投資について知りたい）	解説記事	基礎解説	◎		基礎解説		基礎解説
414	＋α	不動産投資 ノート	N/A	0	削除			検索なし	◎				
415	＋α	不動産投資 野村	N/A	10	解説記事	Know（不動産投資について知りたい）	解説記事	基礎解説	◎		基礎解説		基礎解説
416	＋α	不動産投資 野村證券	N/A	0	削除			検索なし	◎				
417	＋α	不動産投資 納税証明書	N/A	10	解説記事	Know（不動産投資について知りたい）	解説記事	基礎解説	◎		基礎解説		基礎解説
418	＋α	不動産投資 ノンバンク ランキング	33	0	削除			検索なし	◎				
419	＋α	不動産投資 始め方	31	720	体験記事	Know（不動産投資の始め方を知りたい）	体験談	始め方・初心者向け	◎		始め方ガイド	不動産投資の始め方｜初心者が最初にやるべき5ステップ	始め方ガイド
420	＋α	不動産投資 破産率	31	70	解説記事	Know（具体的な数値を知りたい）	実践ガイド	具体例・数値	◎		返済比率	不動産投資の返済比率・数値目安｜理想は何%？	収支・利回り
421	＋α	不動産投資 初めての物件	32	50	体験記事	Know（物件選びの実体験を知りたい）	体験談	物件選び	◎		物件選び基礎	不動産投資の物件探し｜優良物件を見つける方法	物件選び
422	＋α	不動産投資 破産	38	50	解説記事	Know（不動産投資について知りたい）	解説記事	基礎解説	◎		基礎解説		基礎解説
423	＋α	不動産投資 始め方 初心者	33	20	体験記事	Know（不動産投資の始め方を知りたい）	体験談	始め方・初心者向け	◎		始め方ガイド	不動産投資の始め方｜初心者が最初にやるべき5ステップ	始め方ガイド
424	＋α	不動産投資 はじめ方	N/A	720	解説記事	Know（不動産投資について知りたい）	解説記事	基礎解説	◎		基礎解説		基礎解説
425	＋α	不動産投資 配当	N/A	10	解説記事	Know（不動産投資について知りたい）	解説記事	基礎解説	◎		基礎解説		基礎解説
426	＋α	不動産投資 破綻	N/A	10	解説記事	Know（不動産投資について知りたい）	解説記事	基礎解説	◎		基礎解説		基礎解説
427	＋α	不動産投資 浜松	N/A	30	削除			地域KW	◎				
428	＋α	不動産投資 始めるタイミング	N/A	10	体験記事	Know（不動産投資の始め方を知りたい）	体験談	始め方・初心者向け	◎		初心者向け	不動産投資初心者が知っておくべきこと｜入門ガイド	始め方ガイド
429	＋α	不動産投資 表面利回り 目安	46	50	解説記事	Know（利回り・収支の実態を知りたい）	実践ガイド	利回り・収支			利回り相場	不動産投資の利回り目安｜理想と現実のギャップ	収支・利回り
430	＋α	不動産投資 表面利回り	N/A	70	解説記事	Know（利回り・収支の実態を知りたい）	実践ガイド	利回り・収支	◎		利回り基礎	不動産投資の利回りとは？計算方法と目安を解説	収支・利回り
431	＋α	不動産投資 広島	27	140	削除			地域KW	◎				
432	＋α	不動産投資 比較	31	170	解説記事	Know（他の投資と比較したい）	比較記事	投資比較	◎		投資比較	不動産投資vs株式投資・NISA｜どっちが良い？比較検証	始め方ガイド
433	＋α	不動産投資 費用	N/A	50	体験記事	Know（必要な資金を知りたい）	体験談	必要資金	◎		必要資金	不動産投資の初期費用・必要資金｜予算別の投資プラン	収支・利回り
434	＋α	不動産投資 必要資金	N/A	30	体験記事	Know（必要な資金を知りたい）	体験談	必要資金	◎		必要資金	不動産投資の初期費用・必要資金｜予算別の投資プラン	収支・利回り
435	＋α	不動産投資 一部屋だけ	N/A	20	解説記事	Know（不動産投資について知りたい）	解説記事	基礎解説	◎		基礎解説		基礎解説
436	＋α	不動産投資 費用 一覧	48	20	体験記事	Know（必要な資金を知りたい）	体験談	必要資金		要確認	必要資金	不動産投資の初期費用・必要資金｜予算別の投資プラン	収支・利回り
437	＋α	不動産投資 副業	27	390	体験記事	Know（自分の属性で投資できるか知りたい）	体験談	属性・年収別	◎		サラリーマン向け	サラリーマン・公務員の不動産投資体験｜副業としての始め方	属性別の始め方
438	＋α	不動産投資 福岡	36	480	削除			地域KW	◎				
439	＋α	不動産投資 ふるさと納税	29	140	解説記事	Know（不動産投資について知りたい）	解説記事	基礎解説	◎		基礎解説		基礎解説
440	＋α	不動産投資 フルローン	32	210	体験記事	Know（ローン・融資のリアルを知りたい）	体験談	ローン・融資体験	◎		ローン頭金	不動産投資の頭金はいくら必要？フルローンは可能？	融資・ローン体験
441	＋α	不動産投資 フルローン 銀行	33	70	体験記事	Know（ローン・融資のリアルを知りたい）	体験談	ローン・融資体験	◎		ローン基礎	不動産投資ローンとは？仕組み・おすすめ銀行・選び方	融資・ローン体験
442	＋α	不動産投資 副業になるのか	N/A	30	体験記事	Know（自分の属性で投資できるか知りたい）	体験談	属性・年収別	◎		サラリーマン向け	サラリーマン・公務員の不動産投資体験｜副業としての始め方	属性別の始め方
443	＋α	不動産投資 fire	28	140	解説記事	Know（不動産投資について知りたい）	解説記事	基礎解説	◎		基礎解説		基礎解説
444	＋α	不動産投資 ファンド	33	260	削除			特定企業	◎				
445	＋α	不動産投資 ふるさと納税 限度額	31	20	解説記事	Know（不動産投資について知りたい）	解説記事	基礎解説	◎		基礎解説		基礎解説
446	＋α	不動産投資 不労所得	32	50	解説記事	Know（不動産投資について知りたい）	解説記事	基礎解説	◎		基礎解説		基礎解説
447	＋α	不動産投資 平均利回り	29	170	解説記事	Know（利回り・収支の実態を知りたい）	実践ガイド	利回り・収支	◎		利回り相場	不動産投資の利回り目安｜理想と現実のギャップ	収支・利回り
448	＋α	不動産投資 返済比率	29	140	解説記事	Know（具体的な数値を知りたい）	実践ガイド	具体例・数値	◎		返済比率	不動産投資の返済比率の目安｜理想は何%？	収支・利回り
449	＋α	不動産投資 返済シミュレーション	33	30	解説記事	Do（計算したい → ooya.techへ誘導）	ツール紹介	計算→ooya.tech誘導	◎		ツール紹介	不動産投資シミュレーションツール｜無料で使える計算ツール	ツール紹介
450	＋α	不動産投資 変動金利	33	30	体験記事	Know（ローン・融資のリアルを知りたい）	体験談	ローン・融資体験	◎		ローン金利比較	不動産投資ローン金利比較ランキング｜低金利で借りるコツ	融資・ローン体験
451	＋α	不動産投資 返済期間	31	10	解説記事	Know（不動産投資について知りたい）	解説記事	基礎解説	◎		基礎解説		基礎解説
452	＋α	不動産投資 返済比率70	25	20	解説記事	Know（具体的な数値を知りたい）	実践ガイド	具体例・数値	◎		返済比率	不動産投資の返済比率の目安｜理想は何%？	収支・利回り
453	＋α	不動産投資 返済 経費	N/A	0	削除			検索なし	◎				
454	＋α	不動産投資 平均	N/A	10	解説記事	Know（相場・目安を知りたい）	実践ガイド	相場・目安	◎		必要資金	不動産投資の初期費用・必要資金｜予算別の投資プラン	収支・利回り
455	＋α	不動産投資 返済比率60	27	30	解説記事	Know（具体的な数値を知りたい）	実践ガイド	具体例・数値	◎		返済比率	不動産投資の返済比率の目安｜理想は何%？	収支・利回り
456	＋α	不動産投資 返済比率 計算	44	10	解説記事	Do（計算したい → ooya.techへ誘導）	ツール紹介	計算→ooya.tech誘導			返済比率	不動産投資の返済比率の目安｜理想は何%？	収支・利回り
457	＋α	不動産投資 法人化	33	260	解説記事	Know（節税・税金の実務を知りたい）	実践ガイド	節税・税金	◎		法人化	不動産投資の法人化タイミング｜個人vs法人の判断基準	税金・節税
458	＋α	不動産投資 法人	33	260	解説記事	Know（節税・税金の実務を知りたい）	実践ガイド	節税・税金	◎		法人化	不動産投資の法人化タイミング｜個人vs法人の判断基準	税金・節税
459	＋α	不動産投資 方法	N/A	70	解説記事	Do（手続き・流れを知りたい）	実践ガイド	手順・流れ	◎		始め方ガイド	不動産投資の始め方｜初心者が最初にやるべき5ステップ	始め方ガイド
460	＋α	不動産投資 保険	27	70	解説記事	Know（不動産投資について知りたい）	解説記事	基礎解説	◎		基礎解説		基礎解説
461	＋α	不動産投資 北海道	22	210	削除			地域KW	◎				
462	＋α	不動産投資 補助金	N/A	30	解説記事	Know（不動産投資について知りたい）	解説記事	基礎解説	◎		基礎解説		基礎解説
463	＋α	不動産投資 マンション	30	480	体験記事	Know（物件選びの実体験を知りたい）	体験談	物件選び	◎		マンション投資	マンション・ワンルーム投資のリアル｜メリットと注意点	物件選び
464	＋α	不動産投資 末路	28	110	解説記事	Know（不動産投資について知りたい）	解説記事	基礎解説	◎		基礎解説		基礎解説
465	＋α	不動産投資 マンション 一室	33	70	体験記事	Know（物件選びの実体験を知りたい）	体験談	物件選び	◎		マンション投資	マンション・ワンルーム投資のリアル｜メリットと注意点	物件選び
466	＋α	不動産投資 マンション購入	32	30	体験記事	Know（物件選びの実体験を知りたい）	体験談	物件選び	◎		マンション投資	マンション・ワンルーム投資のリアル｜メリットと注意点	物件選び
467	＋α	不動産投資 漫画	N/A	50	解説記事	Know（不動産投資について知りたい）	解説記事	基礎解説	◎		基礎解説		基礎解説
468	＋α	不動産投資 マイクロ法人	N/A	20	解説記事	Know（節税・税金の実務を知りたい）	実践ガイド	節税・税金	◎		法人化	不動産投資の法人化タイミング｜個人vs法人の判断基準	税金・節税
469	＋α	不動産投資 マッチングアプリ	26	30	解説記事	Do（計算したい → ooya.techへ誘導）	ツール紹介	計算→ooya.tech誘導	◎		ツール紹介	不動産投資シミュレーションツール｜無料で使える計算ツール	ツール紹介
470	＋α	不動産投資 マンション一棟	N/A	90	体験記事	Know（物件選びの実体験を知りたい）	体験談	物件選び	◎		アパート一棟投資	アパート一棟買い投資の体験談｜メリットと注意点	物件選び
471	＋α	不動産投資 学ぶ	N/A	10	解説記事	Know（不動産投資の勉強方法を知りたい）	まとめ記事	勉強・書籍	◎		おすすめ本	不動産投資のおすすめ本ランキング｜初心者必読の10冊	勉強・情報収集
472	＋α	不動産投資 マイナンバー	N/A	10	解説記事	Know（不動産投資について知りたい）	解説記事	基礎解説	◎		基礎解説		基礎解説
473	＋α	不動産投資 みんなで大家さん	54	30	体験記事	Know（運営のリアルを知りたい）	体験談	管理・運営			管理・運営	不動産投資の管理会社選び｜大家としての運営体験	大家の実務
474	＋α	不動産投資 民泊	34	90	解説記事	Know（不動産投資について知りたい）	解説記事	基礎解説	◎		基礎解説		基礎解説
475	＋α	不動産投資 みんなで	57	20	解説記事	Know（不動産投資について知りたい）	解説記事	基礎解説			基礎解説		基礎解説
476	＋α	不動産投資 三井物産	49	0	削除			検索なし					
477	＋α	不動産投資 三井	42	10	解説記事	Know（不動産投資について知りたい）	解説記事	基礎解説			基礎解説		基礎解説
478	＋α	不動産投資 見通し	40	10	解説記事	Know（不動産投資について知りたい）	解説記事	基礎解説			基礎解説		基礎解説
479	＋α	不動産投資 魅力	N/A	10	解説記事	Know（不動産投資について知りたい）	解説記事	基礎解説	◎		基礎解説		基礎解説
480	＋α	不動産投資 三井住友	N/A	10	解説記事	Know（不動産投資について知りたい）	解説記事	基礎解説	◎		基礎解説		基礎解説
481	＋α	不動産投資 三井のリハウス	42	0	削除			検索なし					
482	＋α	不動産投資 三井住友銀行	62	10	体験記事	Know（ローン・融資のリアルを知りたい）	体験談	ローン・融資体験			ローン基礎	不動産投資ローンとは？仕組み・おすすめ銀行・選び方	融資・ローン体験
483	＋α	不動産投資 難しい	32	50	解説記事	Know（不動産投資について知りたい）	解説記事	基礎解説	◎		基礎解説		基礎解説
484	＋α	不動産投資 向いている人	29	30	体験記事	Know（メリット・デメリットを知りたい）	体験談	メリデメ	◎		メリット・デメリット	不動産投資のメリット・デメリット｜向いている人の特徴	始め方ガイド
485	＋α	不動産投資 難しさ	N/A	10	解説記事	Know（不動産投資について知りたい）	解説記事	基礎解説	◎		基礎解説		基礎解説
486	＋α	不動産投資 無職	24	30	解説記事	Know（不動産投資について知りたい）	解説記事	基礎解説	◎		基礎解説		基礎解説
487	＋α	不動産投資 無理ゲー	49	20	解説記事	Know（不動産投資について知りたい）	解説記事	基礎解説			基礎解説		基礎解説
488	＋α	不動産投資 メリット	30	590	体験記事	Know（メリット・デメリットを知りたい）	体験談	メリデメ	◎	要確認	メリット・デメリット	不動産投資のメリット・デメリット｜向いている人の特徴	始め方ガイド
489	＋α	不動産投資 メリット デメリット	33	170	体験記事	Know（メリット・デメリットを知りたい）	体験談	メリデメ	◎	要確認	メリット・デメリット	不動産投資のメリット・デメリット｜向いている人の特徴	始め方ガイド
490	＋α	不動産投資 迷惑電話 なぜ	29	90	解説記事	Know（不動産投資について知りたい）	解説記事	基礎解説	◎		基礎解説		基礎解説
491	＋α	不動産投資 面談	N/A	30	解説記事	Know（不動産投資について知りたい）	解説記事	基礎解説	◎		基礎解説		基礎解説
492	＋α	不動産投資 名著	25	30	解説記事	Know（不動産投資について知りたい）	解説記事	基礎解説	◎		基礎解説		基礎解説
493	＋α	不動産投資 迷惑電話	24	50	解説記事	Know（不動産投資について知りたい）	解説記事	基礎解説	◎		基礎解説		基礎解説
494	＋α	不動産投資 めんどくさい	44	20	解説記事	Know（不動産投資について知りたい）	解説記事	基礎解説			基礎解説		基礎解説
495	＋α	不動産投資 メリデメ	N/A	0	削除			検索なし	◎				
496	＋α	不動産投資 銘柄	N/A	20	解説記事	Know（不動産投資について知りたい）	解説記事	基礎解説	◎		基礎解説		基礎解説
497	＋α	不動産投資 目安	N/A	10	解説記事	Know（相場・目安を知りたい）	実践ガイド	相場・目安	◎		必要資金	不動産投資の初期費用・必要資金｜予算別の投資プラン	収支・利回り
498	＋α	不動産投資 儲からない	39	210	体験記事	Know（成功事例を知りたい）	体験談	成功事例	◎		成功と現実	不動産投資は儲かる？成功率と儲かる人の特徴	始め方ガイド
499	＋α	不動産投資 元手	41	90	解説記事	Know（不動産投資について知りたい）	解説記事	基礎解説			基礎解説		基礎解説
500	＋α	不動産投資 儲かる	37	90	体験記事	Know（成功事例を知りたい）	体験談	成功事例	◎		成功と現実	不動産投資は儲かる？成功率と儲かる人の特徴	始め方ガイド
501	＋α	不動産投資 儲かるのか	33	40	体験記事	Know（成功事例を知りたい）	体験談	成功事例	◎		成功と現実	不動産投資は儲かる？成功率と儲かる人の特徴	始め方ガイド
502	＋α	不動産投資 目的	32	40	解説記事	Know（不動産投資について知りたい）	解説記事	基礎解説	◎		基礎解説		基礎解説
503	＋α	不動産投資 元金	N/A	20	解説記事	Know（不動産投資について知りたい）	解説記事	基礎解説	◎		基礎解説		基礎解説
504	＋α	不動産投資 持ち出し	N/A	20	解説記事	Know（不動産投資について知りたい）	解説記事	基礎解説	◎		基礎解説		基礎解説
505	＋α	不動産投資 儲かる仕組み	33	50	解説記事	Know（基礎知識を知りたい）	解説記事	基礎解説	◎		成功と現実	不動産投資は儲かる？成功率と儲かる人の特徴	始め方ガイド
506	＋α	不動産投資 目標利回り	50	10	解説記事	Know（利回り・収支の実態を知りたい）	実践ガイド	利回り・収支			利回り基礎	不動産投資の利回りとは？計算方法と目安を解説	収支・利回り
507	＋α	不動産投資 儲け方	33	10	解説記事	Know（不動産投資について知りたい）	解説記事	基礎解説	◎		基礎解説		基礎解説
508	＋α	不動産投資 やり方	33	390	体験記事	Know（不動産投資の始め方を知りたい）	体験談	始め方・初心者向け	◎		始め方ガイド	不動産投資の始め方｜初心者が最初にやるべき5ステップ	始め方ガイド
509	＋α	不動産投資 やばい会社	31	90	体験記事	Know（失敗・後悔のリアルを知りたい）	体験談	失敗・後悔談	◎	要確認	失敗体験	不動産投資の失敗談｜私が経験した失敗と教訓	失敗談・リアルな話
510	＋α	不動産投資 家賃収入	49	90	解説記事	Know（利回り・収支の実態を知りたい）	実践ガイド	利回り・収支			利回り基礎	不動産投資の利回りとは？計算方法と目安を解説	収支・利回り
511	＋α	不動産投資 家賃保証	N/A	50	解説記事	Know（不動産投資について知りたい）	解説記事	基礎解説	◎		基礎解説		基礎解説
512	＋α	不動産投資 やめたい	29	110	体験記事	Know（失敗・後悔のリアルを知りたい）	体験談	失敗・後悔談	◎		やめとけ体験	不動産投資やめとけと言われる理由｜経験者のリアルな声	失敗談・リアルな話
513	＋α	不動産投資 やめたほうがいい	N/A	10	体験記事	Know（失敗・後悔のリアルを知りたい）	体験談	失敗・後悔談	◎		やめとけ体験	不動産投資やめとけと言われる理由｜経験者のリアルな声	失敗談・リアルな話
514	＋α	不動産投資 やるべきか	N/A	20	解説記事	Know（不動産投資について知りたい）	解説記事	基礎解説	◎		基礎解説		基礎解説
515	＋α	不動産投資 家賃収入 税金	50	10	解説記事	Know（利回り・収支の実態を知りたい）	実践ガイド	利回り・収支			利回り基礎	不動産投資の利回りとは？計算方法と目安を解説	収支・利回り
516	＋α	不動産投資 融資	55	390	体験記事	Know（ローン・融資のリアルを知りたい）	体験談	ローン・融資体験			ローン融資全般	不動産投資の融資・審査事情｜通すためにやったこと	融資・ローン体験
517	＋α	不動産投資 融資 銀行	33	170	体験記事	Know（ローン・融資のリアルを知りたい）	体験談	ローン・融資体験	◎		ローン基礎	不動産投資ローンとは？仕組み・おすすめ銀行・選び方	融資・ローン体験
518	＋α	不動産投資 融資 金利	50	50	体験記事	Know（ローン・融資のリアルを知りたい）	体験談	ローン・融資体験			ローン金利比較	不動産投資ローン金利比較ランキング｜低金利で借りるコツ	融資・ローン体験
519	＋α	不動産投資 ユーチューブ	N/A	30	解説記事	Know（不動産投資について知りたい）	解説記事	基礎解説	◎		基礎解説		基礎解説
520	＋α	不動産投資 ユーチューバー	N/A	0	削除			検索なし	◎				
521	＋α	不動産投資 融資 シミュレーション	55	10	体験記事	Know（ローン・融資のリアルを知りたい）	体験談	ローン・融資体験		要確認	ローン借入額	不動産投資ローンはいくらまで借りられる？シミュレーション付き	融資・ローン体験
522	＋α	不動産投資 融資 年収	33	20	体験記事	Know（自分の属性で投資できるか知りたい）	体験談	属性・年収別	◎		ローン融資全般	不動産投資の融資・審査事情｜通すためにやったこと	融資・ローン体験
523	＋α	不動産投資 融資 いくらまで	32	20	体験記事	Know（ローン・融資のリアルを知りたい）	体験談	ローン・融資体験	◎	要確認	ローン借入額	不動産投資ローンはいくらまで借りられる？シミュレーション付き	融資・ローン体験
524	＋α	不動産投資 融資戦略	28	10	体験記事	Know（ローン・融資のリアルを知りたい）	体験談	ローン・融資体験	◎		ローン融資全般	不動産投資の融資・審査事情｜通すためにやったこと	融資・ローン体験
525	＋α	不動産投資 融資額	45	10	体験記事	Know（ローン・融資のリアルを知りたい）	体験談	ローン・融資体験			ローン融資全般	不動産投資の融資・審査事情｜通すためにやったこと	融資・ローン体験
526	＋α	不動産投資 youtube	35	90	解説記事	Know（不動産投資について知りたい）	解説記事	基礎解説	◎		基礎解説		基礎解説
527	＋α	不動産投資 用語	N/A	50	解説記事	Know（不動産投資について知りたい）	解説記事	基礎解説	◎		基礎解説		基礎解説
528	＋α	不動産投資 予算	N/A	20	体験記事	Know（必要な資金を知りたい）	体験談	必要資金	◎		必要資金	不動産投資の初期費用・必要資金｜予算別の投資プラン	収支・利回り
529	＋α	不動産投資 youtube おすすめ	39	10	解説記事	Buy（サービスを選びたい）	比較記事	おすすめ・比較	◎		おすすめ会社	不動産投資会社おすすめランキング｜比較と選び方	勉強・情報収集
530	＋α	不動産投資 与信枠	N/A	20	解説記事	Know（不動産投資について知りたい）	解説記事	基礎解説	◎		基礎解説		基礎解説
531	＋α	不動産投資 横浜	40	140	削除			地域KW					
532	＋α	不動産投資 与信	N/A	10	解説記事	Know（不動産投資について知りたい）	解説記事	基礎解説	◎		基礎解説		基礎解説
533	＋α	不動産投資 youtuber	36	10	解説記事	Know（不動産投資について知りたい）	解説記事	基礎解説	◎		基礎解説		基礎解説
534	＋α	不動産投資 用語集	25	20	解説記事	Know（不動産投資について知りたい）	解説記事	基礎解説	◎		基礎解説		基礎解説
535	＋α	不動産投資 読むべき本	49	10	解説記事	Know（不動産投資の勉強方法を知りたい）	まとめ記事	勉強・書籍			おすすめ本	不動産投資のおすすめ本ランキング｜初心者必読の10冊	勉強・情報収集
536	＋α	不動産投資 ランキング	30	260	解説記事	Buy（サービスを選びたい）	比較記事	おすすめ・比較	◎		おすすめ会社	不動産投資会社おすすめランキング｜比較と選び方	勉強・情報収集
537	＋α	不動産投資 楽待	40	170	解説記事	Know（不動産投資について知りたい）	解説記事	基礎解説			基礎解説		基礎解説
538	＋α	不動産投資 楽天	47	110	解説記事	Know（不動産投資について知りたい）	解説記事	基礎解説			基礎解説		基礎解説
539	＋α	不動産投資 楽天証券	N/A	20	解説記事	Know（不動産投資について知りたい）	解説記事	基礎解説	◎		基礎解説		基礎解説
540	＋α	不動産投資 ランニングコスト 一覧	28	30	体験記事	Know（必要な資金を知りたい）	体験談	必要資金	◎	要確認	必要資金	不動産投資の初期費用・必要資金｜予算別の投資プラン	収支・利回り
541	＋α	不動産投資 らくたま	N/A	0	削除			検索なし	◎				
542	＋α	不動産投資 ライフ	N/A	0	削除			検索なし	◎				
543	＋α	不動産投資 ラクサス	N/A	0	削除			検索なし	◎				
544	＋α	不動産投資 ランニングコスト 目安	26	20	解説記事	Know（相場・目安を知りたい）	実践ガイド	相場・目安	◎		必要資金	不動産投資の初期費用・必要資金｜予算別の投資プラン	収支・利回り
545	＋α	不動産投資 ランキング 日本	54	0	削除			検索なし					
546	＋α	不動産投資 リノシー	42	260	解説記事	Know（不動産投資について知りたい）	解説記事	基礎解説			基礎解説		基礎解説
547	＋α	不動産投資 リート	52	260	解説記事	Know（不動産投資について知りたい）	解説記事	基礎解説			基礎解説		基礎解説
548	＋α	不動産投資 ルール	N/A	10	解説記事	Know（不動産投資について知りたい）	解説記事	基礎解説	◎		基礎解説		基礎解説
549	＋α	ループ 不動産投資	N/A	0	削除			検索なし	◎				
550	＋α	ルーブル 不動産投資	33	0	削除			検索なし	◎				
551	＋α	不動産投資 reit	N/A	260	削除			特定企業	◎				
552	＋α	不動産投資 レバレッジ	45	170	解説記事	Know（不動産投資について知りたい）	解説記事	基礎解説			基礎解説		基礎解説
553	＋α	不動産投資 reit どっち	48	40	削除			特定企業					
554	＋α	不動産投資 レバレッジとは	48	30	解説記事	Know（基礎知識を知りたい）	解説記事	基礎解説			基礎解説		基礎解説
555	＋α	不動産投資 renosy	N/A	30	削除			特定企業	◎				
556	＋α	不動産投資 連合隊	N/A	210	解説記事	Know（不動産投資について知りたい）	解説記事	基礎解説	◎		基礎解説		基礎解説
557	＋α	不動産投資 reit 比較	N/A	20	削除			特定企業	◎				
558	＋α	不動産投資 reit 違い	50	40	削除			特定企業					
559	＋α	不動産投資 レバレッジ効果	24	30	解説記事	Know（不動産投資について知りたい）	解説記事	基礎解説	◎		基礎解説		基礎解説
560	＋α	不動産投資 連帯保証人	N/A	20	解説記事	Know（不動産投資について知りたい）	解説記事	基礎解説	◎		基礎解説		基礎解説
561	＋α	不動産投資 roi 目安	26	40	解説記事	Know（相場・目安を知りたい）	実践ガイド	相場・目安	◎		必要資金	不動産投資の初期費用・必要資金｜予算別の投資プラン	収支・利回り
562	＋α	不動産投資 roi	N/A	50	解説記事	Know（不動産投資について知りたい）	解説記事	基礎解説	◎		基礎解説		基礎解説
563	＋α	不動産投資 ワンルーム やめとけ	38	260	体験記事	Know（失敗・後悔のリアルを知りたい）	体験談	失敗・後悔談	◎		やめとけ体験	不動産投資やめとけと言われる理由｜経験者のリアルな声	失敗談・リアルな話
564	＋α	不動産投資 ワンルーム	28	480	体験記事	Know（物件選びの実体験を知りたい）	体験談	物件選び	◎		マンション投資	マンション・ワンルーム投資のリアル｜メリットと注意点	物件選び
565	＋α	不動産投資 若いうち	31	140	解説記事	Know（不動産投資について知りたい）	解説記事	基礎解説	◎		基礎解説		基礎解説
566	＋α	不動産投資 割に合わない	26	140	解説記事	Know（具体的な数値を知りたい）	実践ガイド	具体例・数値	◎		返済比率	不動産投資の返済比率・数値目安｜理想は何%？	収支・利回り
567	＋α	不動産投資 割合	N/A	30	解説記事	Know（具体的な数値を知りたい）	実践ガイド	具体例・数値	◎		返済比率	不動産投資の返済比率・数値目安｜理想は何%？	収支・利回り
568	＋α	不動産投資 ワンルーム リスク	45	10	体験記事	Know（リスク・注意点を知りたい）	体験談	リスク・注意点			リスク対策	不動産投資のリスク一覧と対策｜実体験から学ぶヘッジ策	失敗談・リアルな話
569	＋α	不動産投資 わかりやすく	N/A	20	解説記事	Know（基礎知識を知りたい）	解説記事	基礎解説	◎		基礎解説		基礎解説
570	＋α	不動産投資 別れる	N/A	20	解説記事	Know（不動産投資について知りたい）	解説記事	基礎解説	◎		基礎解説		基礎解説
571	＋α	不動産投資 若者	29	10	解説記事	Know（不動産投資について知りたい）	解説記事	基礎解説	◎		基礎解説		基礎解説
572	＋α	不動産投資 割引率 目安	N/A	0	削除			検索なし	◎				
573	＋α	不動産投資 nst	N/A	40	解説記事	Know（不動産投資について知りたい）	解説記事	基礎解説	◎		基礎解説		基礎解説
574	＋α	不動産投資 npv	23	10	解説記事	Know（不動産投資について知りたい）	解説記事	基礎解説	◎		基礎解説		基礎解説
575	＋α	不動産投資 npv 割引率	26	0	削除			検索なし	◎				
576	＋α	不動産投資 ncf	44	10	解説記事	Know（利回り・収支の実態を知りたい）	実践ガイド	利回り・収支			キャッシュフロー	不動産投資のキャッシュフロー計算｜月々いくら残る？	収支・利回り
577	＋α	不動産投資 nhk	N/A	10	解説記事	Know（不動産投資について知りたい）	解説記事	基礎解説	◎		基礎解説		基礎解説
578	＋α	不動産投資 nft	26	0	削除			検索なし	◎				
579	＋α	nsd 不動産投資	N/A	10	解説記事	Know（不動産投資について知りたい）	解説記事	基礎解説	◎		基礎解説		基礎解説
580	＋α	nsp 不動産投資	N/A	0	削除			検索なし	◎				
581	＋α	ny 不動産投資	N/A	10	解説記事	Know（不動産投資について知りたい）	解説記事	基礎解説	◎		基礎解説		基礎解説
582	＋α	ntt 不動産投資	N/A	0	削除			検索なし	◎				
583	＋α	不動産投資 会社	32	1000	解説記事	Know（不動産投資について知りたい）	解説記事	基礎解説	◎		基礎解説		基礎解説
584	＋α	不動産投資 会社 ランキング	30	390	解説記事	Buy（サービスを選びたい）	比較記事	おすすめ・比較	◎		おすすめ会社	不動産投資会社おすすめランキング｜比較と選び方	勉強・情報収集
585	＋α	不動産投資 会社にばれる	N/A	10	解説記事	Know（不動産投資について知りたい）	解説記事	基礎解説	◎		基礎解説		基礎解説
586	＋α	不動産投資 外国人	N/A	50	解説記事	Know（不動産投資について知りたい）	解説記事	基礎解説	◎		基礎解説		基礎解説
587	＋α	不動産投資 元本	30	20	解説記事	Know（不動産投資の勉強方法を知りたい）	まとめ記事	勉強・書籍	◎		おすすめ本	不動産投資のおすすめ本ランキング｜初心者必読の10冊	勉強・情報収集
588	＋α	不動産投資 学校	18	50	解説記事	Know（不動産投資について知りたい）	解説記事	基礎解説	◎		基礎解説		基礎解説
589	＋α	不動産投資 ga	44	10	解説記事	Know（不動産投資について知りたい）	解説記事	基礎解説			基礎解説		基礎解説
590	＋α	不動産投資 会社 一覧	33	260	解説記事	Know（不動産投資について知りたい）	解説記事	基礎解説	◎		基礎解説		基礎解説
591	＋α	不動産投資 元本割れ	74	10	解説記事	Know（具体的な数値を知りたい）	実践ガイド	具体例・数値			おすすめ本	不動産投資のおすすめ本ランキング｜初心者必読の10冊	勉強・情報収集
592	＋α	不動産投資 銀行	33	170	体験記事	Know（ローン・融資のリアルを知りたい）	体験談	ローン・融資体験	◎		ローン基礎	不動産投資ローンとは？仕組み・おすすめ銀行・選び方	融資・ローン体験
593	＋α	不動産投資 銀行融資	31	170	体験記事	Know（ローン・融資のリアルを知りたい）	体験談	ローン・融資体験	◎		ローン基礎	不動産投資ローンとは？仕組み・おすすめ銀行・選び方	融資・ローン体験
594	＋α	不動産投資 業界 今後	40	40	解説記事	Know（今後の見通しを知りたい）	解説記事	市場動向			市場動向	不動産投資の今後｜市場動向と将来性を分析	始め方ガイド
595	＋α	不動産投資 業者	N/A	30	解説記事	Know（不動産投資について知りたい）	解説記事	基礎解説	◎		基礎解説		基礎解説
596	＋α	不動産投資 銀行ローン	33	140	体験記事	Know（ローン・融資のリアルを知りたい）	体験談	ローン・融資体験	◎		ローン基礎	不動産投資ローンとは？仕組み・おすすめ銀行・選び方	融資・ローン体験
597	＋α	不動産投資 ギフト券	N/A	30	解説記事	Know（不動産投資について知りたい）	解説記事	基礎解説	◎		基礎解説		基礎解説
598	＋α	不動産投資 銀行融資 金利	54	10	体験記事	Know（ローン・融資のリアルを知りたい）	体験談	ローン・融資体験			ローン金利比較	不動産投資ローン金利比較ランキング｜低金利で借りるコツ	融資・ローン体験
599	＋α	不動産投資 業界	N/A	30	解説記事	Know（不動産投資について知りたい）	解説記事	基礎解説	◎		基礎解説		基礎解説
600	＋α	不動産投資 銀行借り入れ	N/A	0	削除			検索なし	◎				
601	＋α	不動産投資 銀行員	N/A	40	体験記事	Know（ローン・融資のリアルを知りたい）	体験談	ローン・融資体験	◎		ローン基礎	不動産投資ローンとは？仕組み・おすすめ銀行・選び方	融資・ローン体験
602	＋α	不動産投資 群馬	N/A	30	削除			地域KW	◎				
603	＋α	不動産投資 グループホーム	N/A	20	解説記事	Know（不動産投資について知りたい）	解説記事	基礎解説	◎		基礎解説		基礎解説
604	＋α	不動産投資 軍資金	30	10	体験記事	Know（必要な資金を知りたい）	体験談	必要資金	◎		必要資金	不動産投資の初期費用・必要資金｜予算別の投資プラン	収支・利回り
605	＋α	不動産投資 グループ	N/A	10	解説記事	Know（不動産投資について知りたい）	解説記事	基礎解説	◎		基礎解説		基礎解説
606	＋α	不動産投資 グッドライフ	N/A	0	削除			検索なし	◎				
607	＋α	不動産投資 グロス	N/A	10	解説記事	Know（不動産投資について知りたい）	解説記事	基礎解説	◎		基礎解説		基礎解説
608	＋α	不動産投資 具体例	N/A	10	解説記事	Know（不動産投資について知りたい）	解説記事	基礎解説	◎		基礎解説		基礎解説
609	＋α	不動産投資 グラフ	N/A	10	解説記事	Know（不動産投資について知りたい）	解説記事	基礎解説	◎		基礎解説		基礎解説
610	＋α	不動産投資 グローバルリンク	N/A	0	削除			検索なし	◎				
611	＋α	リノシー 不動産投資	44	390	解説記事	Know（不動産投資について知りたい）	解説記事	基礎解説			基礎解説		基礎解説
612	＋α	不動産投資 減価償却	29	320	解説記事	Know（節税・税金の実務を知りたい）	実践ガイド	節税・税金	◎		減価償却	不動産投資の減価償却とは？節税効果を実例で解説	税金・節税
613	＋α	不動産投資 減税	N/A	40	解説記事	Know（不動産投資について知りたい）	解説記事	基礎解説	◎		基礎解説		基礎解説
614	＋α	不動産投資 減価償却 節税	33	90	解説記事	Know（節税・税金の実務を知りたい）	実践ガイド	節税・税金	◎		減価償却	不動産投資の減価償却とは？節税効果を実例で解説	税金・節税
615	＋α	不動産投資 現実	30	40	解説記事	Know（不動産投資について知りたい）	解説記事	基礎解説	◎		基礎解説		基礎解説
616	＋α	不動産投資 芸能人	34	50	解説記事	Know（不動産投資について知りたい）	解説記事	基礎解説	◎		基礎解説		基礎解説
617	＋α	不動産投資 現金一括	27	40	解説記事	Know（不動産投資について知りたい）	解説記事	基礎解説	◎		基礎解説		基礎解説
618	＋α	不動産投資 減価償却とは	N/A	10	解説記事	Know（節税・税金の実務を知りたい）	実践ガイド	節税・税金	◎		減価償却	不動産投資の減価償却とは？節税効果を実例で解説	税金・節税
619	＋α	不動産投資 減価償却 個人	52	20	解説記事	Know（節税・税金の実務を知りたい）	実践ガイド	節税・税金			減価償却	不動産投資の減価償却とは？節税効果を実例で解説	税金・節税
620	＋α	不動産投資 源泉徴収	45	10	解説記事	Know（不動産投資について知りたい）	解説記事	基礎解説			基礎解説		基礎解説
621	＋α	不動産投資 減価償却費	51	40	解説記事	Know（節税・税金の実務を知りたい）	実践ガイド	節税・税金			減価償却	不動産投資の減価償却とは？節税効果を実例で解説	税金・節税
622	＋α	不動産投資 合同会社	N/A	50	解説記事	Know（不動産投資について知りたい）	解説記事	基礎解説	◎		法人化	不動産投資の法人化タイミング｜個人vs法人の判断基準	税金・節税
623	＋α	不動産投資 合同会社 サラリーマン	29	20	体験記事	Know（自分の属性で投資できるか知りたい）	体験談	属性・年収別	◎	要確認	法人化	不動産投資の法人化タイミング｜個人vs法人の判断基準	税金・節税
624	＋α	不動産投資 5000万円	28	10	体験記事	Know（必要な資金を知りたい）	体験談	必要資金	◎		必要資金	不動産投資の初期費用・必要資金｜予算別の投資プラン	収支・利回り
625	＋α	不動産投資 五年ルール	N/A	0	削除			検索なし	◎				
626	＋α	不動産投資 五年後	N/A	0	削除			検索なし	◎				
627	＋α	不動産投資 雑費 目安	26	90	解説記事	Know（相場・目安を知りたい）	実践ガイド	相場・目安	◎		必要資金	不動産投資の初期費用・必要資金｜予算別の投資プラン	収支・利回り
628	＋α	不動産投資 雑費	36	70	解説記事	Know（不動産投資について知りたい）	解説記事	基礎解説	◎		基礎解説		基礎解説
629	＋α	不動産投資 雑所得	N/A	10	解説記事	Know（不動産投資について知りたい）	解説記事	基礎解説	◎		基礎解説		基礎解説
630	＋α	不動産投資 雑誌	24	20	解説記事	Know（不動産投資について知りたい）	解説記事	基礎解説	◎		基礎解説		基礎解説
631	＋α	不動産投資 雑費 上限	N/A	10	解説記事	Know（不動産投資について知りたい）	解説記事	基礎解説	◎		基礎解説		基礎解説
632	＋α	不動産投資 雑費とは	N/A	0	削除			検索なし	◎				
633	＋α	不動産投資 雑費 100万	24	50	体験記事	Know（必要な資金を知りたい）	体験談	必要資金	◎		必要資金	不動産投資の初期費用・必要資金｜予算別の投資プラン	収支・利回り
634	＋α	不動産投資 雑費 いくらまで	39	30	解説記事	Know（相場・目安を知りたい）	実践ガイド	相場・目安	◎		必要資金	不動産投資の初期費用・必要資金｜予算別の投資プラン	収支・利回り
635	＋α	不動産投資 雑費 税務調査	26	30	解説記事	Know（不動産投資について知りたい）	解説記事	基礎解説	◎		基礎解説		基礎解説
636	＋α	不動産投資 雑費 領収書	26	20	解説記事	Know（不動産投資について知りたい）	解説記事	基礎解説	◎		基礎解説		基礎解説
637	＋α	不動産投資 住宅ローン	33	480	体験記事	Know（ローン・融資のリアルを知りたい）	体験談	ローン・融資体験	◎		ローン基礎	不動産投資ローンとは？仕組み・おすすめ銀行・選び方	融資・ローン体験
638	＋α	不動産投資 住宅ローン バレる	28	210	体験記事	Know（ローン・融資のリアルを知りたい）	体験談	ローン・融資体験	◎		ローン基礎	不動産投資ローンとは？仕組み・おすすめ銀行・選び方	融資・ローン体験
639	＋α	不動産投資 実質利回り	28	90	解説記事	Know（利回り・収支の実態を知りたい）	実践ガイド	利回り・収支	◎		利回り基礎	不動産投資の利回りとは？計算方法と目安を解説	収支・利回り
640	＋α	不動産投資 住宅ローン 組めない	29	50	体験記事	Know（ローン・融資のリアルを知りたい）	体験談	ローン・融資体験	◎		ローン基礎	不動産投資ローンとは？仕組み・おすすめ銀行・選び方	融資・ローン体験
641	＋α	不動産投資 実質利回り 目安	47	70	解説記事	Know（利回り・収支の実態を知りたい）	実践ガイド	利回り・収支			利回り相場	不動産投資の利回り目安｜理想と現実のギャップ	収支・利回り
642	＋α	不動産投資 自己資金	31	140	体験記事	Know（ローン・融資のリアルを知りたい）	体験談	ローン・融資体験	◎		ローン頭金	不動産投資の頭金はいくら必要？フルローンは可能？	融資・ローン体験
643	＋α	不動産投資 自分で住む	25	70	解説記事	Know（不動産投資について知りたい）	解説記事	基礎解説	◎		基礎解説		基礎解説
644	＋α	不動産投資 自己資金なし	N/A	70	体験記事	Know（ローン・融資のリアルを知りたい）	体験談	ローン・融資体験	◎		ローン頭金	不動産投資の頭金はいくら必要？フルローンは可能？	融資・ローン体験
645	＋α	不動産投資 地震保険 年末調整	N/A	10	解説記事	Know（不動産投資について知りたい）	解説記事	基礎解説	◎		基礎解説		基礎解説
646	＋α	不動産投資 事業計画書	29	50	解説記事	Know（不動産投資について知りたい）	解説記事	基礎解説	◎		基礎解説		基礎解説
647	＋α	不動産投資 図解	N/A	10	解説記事	Know（不動産投資について知りたい）	解説記事	基礎解説	◎		基礎解説		基礎解説
648	＋α	不動産投資 仕組み 図解	31	170	解説記事	Know（基礎知識を知りたい）	解説記事	基礎解説	◎		基礎解説		基礎解説
649	＋α	不動産投資 税金	33	320	解説記事	Know（節税・税金の実務を知りたい）	実践ガイド	節税・税金	◎		節税基礎	不動産投資の節税・税金の基礎知識まとめ	税金・節税
650	＋α	不動産投資 税金対策	49	260	解説記事	Know（節税・税金の実務を知りたい）	実践ガイド	節税・税金			節税基礎	不動産投資の節税・税金の基礎知識まとめ	税金・節税
651	＋α	不動産投資 税理士	26	140	解説記事	Know（不動産投資について知りたい）	解説記事	基礎解説	◎		基礎解説		基礎解説
652	＋α	不動産投資 税金対策 サラリーマン	33	50	体験記事	Know（自分の属性で投資できるか知りたい）	体験談	属性・年収別	◎	要確認	サラリーマン節税	サラリーマンの不動産投資節税術｜年収別シミュレーション	税金・節税
653	＋α	不動産投資 税制改正	29	10	解説記事	Know（不動産投資について知りたい）	解説記事	基礎解説	◎		基礎解説		基礎解説
654	＋α	不動産投資 税制優遇	N/A	0	削除			検索なし	◎				
655	＋α	不動産投資 税理士 費用	32	20	体験記事	Know（必要な資金を知りたい）	体験談	必要資金	◎		必要資金	不動産投資の初期費用・必要資金｜予算別の投資プラン	収支・利回り
656	＋α	不動産投資 税率	33	20	解説記事	Know（具体的な数値を知りたい）	実践ガイド	具体例・数値	◎		返済比率	不動産投資の返済比率・数値目安｜理想は何%？	収支・利回り
657	＋α	不動産投資 税金控除	31	10	解説記事	Know（節税・税金の実務を知りたい）	実践ガイド	節税・税金	◎		節税基礎	不動産投資の節税・税金の基礎知識まとめ	税金・節税
658	＋α	不動産投資 税金対策 仕組み	50	20	解説記事	Know（節税・税金の実務を知りたい）	実践ガイド	節税・税金			節税基礎	不動産投資の節税・税金の基礎知識まとめ	税金・節税
659	＋α	不動産投資 属性	N/A	20	解説記事	Know（不動産投資について知りたい）	解説記事	基礎解説	◎		基礎解説		基礎解説
660	＋α	不動産投資 増加	N/A	10	解説記事	Know（不動産投資について知りたい）	解説記事	基礎解説	◎		基礎解説		基礎解説
661	＋α	不動産投資 贈与税	N/A	10	解説記事	Know（不動産投資について知りたい）	解説記事	基礎解説	◎		基礎解説		基礎解説
662	＋α	不動産投資 贈与	45	10	解説記事	Know（不動産投資について知りたい）	解説記事	基礎解説			基礎解説		基礎解説
663	＋α	不動産投資 zoom	N/A	0	削除			検索なし	◎				
664	＋α	不動産投資 融資 属性	N/A	10	体験記事	Know（ローン・融資のリアルを知りたい）	体験談	ローン・融資体験	◎		ローン融資全般	不動産投資の融資・審査事情｜通すためにやったこと	融資・ローン体験
665	＋α	不動産投資 団信	N/A	70	解説記事	Know（不動産投資について知りたい）	解説記事	基礎解説	◎		基礎解説		基礎解説
666	＋α	不動産投資 騙された	31	40	体験記事	Know（失敗・後悔のリアルを知りたい）	体験談	失敗・後悔談	◎		失敗体験	不動産投資の失敗談｜私が経験した失敗と教訓	失敗談・リアルな話
667	＋α	不動産投資 団体信用生命保険	N/A	50	解説記事	Know（不動産投資について知りたい）	解説記事	基礎解説	◎		基礎解説		基礎解説
668	＋α	不動産投資 大学生	N/A	40	解説記事	Know（不動産投資について知りたい）	解説記事	基礎解説	◎		基礎解説		基礎解説
669	＋α	不動産投資 誰に相談	33	0	削除			検索なし	◎				
670	＋α	不動産投資 大規模修繕	25	20	体験記事	Know（運営のリアルを知りたい）	体験談	管理・運営	◎		管理・運営	不動産投資の管理会社選び｜大家としての運営体験	大家の実務
671	＋α	不動産投資 団地	41	20	解説記事	Know（不動産投資について知りたい）	解説記事	基礎解説			基礎解説		基礎解説
672	＋α	不動産投資 大失敗	28	10	体験記事	Know（失敗・後悔のリアルを知りたい）	体験談	失敗・後悔談	◎		失敗体験	不動産投資の失敗談｜私が経験した失敗と教訓	失敗談・リアルな話
673	＋α	不動産投資 団信 なし	N/A	50	解説記事	Know（不動産投資について知りたい）	解説記事	基礎解説	◎		基礎解説		基礎解説
674	＋α	不動産投資 大東建託	N/A	90	解説記事	Know（不動産投資について知りたい）	解説記事	基礎解説	◎		基礎解説		基礎解説
675	＋α	不動産投資 diy	34	20	解説記事	Know（不動産投資について知りたい）	解説記事	基礎解説	◎		基礎解説		基礎解説
676	＋α	不動産投資 diy 資格	34	0	削除			検索なし	◎				
677	＋α	不動産投資 リフォーム diy	26	10	体験記事	Know（運営のリアルを知りたい）	体験談	管理・運営	◎		管理・運営	不動産投資の管理会社選び｜大家としての運営体験	大家の実務
678	＋α	dips 不動産投資	N/A	0	削除			検索なし	◎				
679	＋α	不動産投資 妻名義	N/A	10	解説記事	Know（不動産投資について知りたい）	解説記事	基礎解説	◎		基礎解説		基礎解説
680	＋α	不動産投資 電話 からかう	34	590	解説記事	Know（不動産投資について知りたい）	解説記事	基礎解説	◎		基礎解説		基礎解説
681	＋α	不動産投資 デメリット	31	390	体験記事	Know（メリット・デメリットを知りたい）	体験談	メリデメ	◎	要確認	メリット・デメリット	不動産投資のメリット・デメリット｜向いている人の特徴	始め方ガイド
682	＋α	不動産投資 電話 しつこい	48	140	解説記事	Know（不動産投資について知りたい）	解説記事	基礎解説			基礎解説		基礎解説
683	＋α	不動産投資 出口戦略	32	170	体験記事	Know（売却・出口戦略のリアルを知りたい）	体験談	売却・出口	◎		売却・出口戦略	不動産投資の出口戦略｜売却タイミングの判断基準	大家の実務
684	＋α	不動産投資 電話 会社名	46	50	解説記事	Know（不動産投資について知りたい）	解説記事	基礎解説			基礎解説		基礎解説
685	＋α	不動産投資 電話	26	90	解説記事	Know（不動産投資について知りたい）	解説記事	基礎解説	◎		基礎解説		基礎解説
686	＋α	不動産投資 デッドクロス	N/A	50	解説記事	Know（不動産投資について知りたい）	解説記事	基礎解説	◎		基礎解説		基礎解説
687	＋α	不動産投資 デート商法	N/A	20	解説記事	Know（不動産投資について知りたい）	解説記事	基礎解説	◎		基礎解説		基礎解説
688	＋α	不動産投資 電話営業	30	50	解説記事	Know（不動産投資について知りたい）	解説記事	基礎解説	◎		基礎解説		基礎解説
689	＋α	不動産投資 デッドクロスとは	N/A	10	解説記事	Know（基礎知識を知りたい）	解説記事	基礎解説	◎		基礎解説		基礎解説
690	＋α	不動産投資 どこがいい	N/A	40	解説記事	Know（不動産投資について知りたい）	解説記事	基礎解説	◎		基礎解説		基礎解説
691	＋α	不動産投資 どうなの	N/A	20	解説記事	Know（不動産投資について知りたい）	解説記事	基礎解説	◎		基礎解説		基礎解説
692	＋α	不動産投資 どうやる	59	0	削除			検索なし					
693	＋α	不動産投資 ドバイ	21	210	解説記事	Know（不動産投資について知りたい）	解説記事	基礎解説	◎		基礎解説		基礎解説
694	＋α	不動産投資 どうやって利益	N/A	0	削除			検索なし	◎				
695	＋α	不動産投資 動画	N/A	40	解説記事	Know（不動産投資について知りたい）	解説記事	基礎解説	◎		基礎解説		基礎解説
696	＋α	不動産投資 どう	N/A	10	解説記事	Know（不動産投資について知りたい）	解説記事	基礎解説	◎		基礎解説		基礎解説
697	＋α	不動産投資 動向	N/A	10	解説記事	Know（今後の見通しを知りたい）	解説記事	市場動向	◎		市場動向	不動産投資の今後｜市場動向と将来性を分析	始め方ガイド
698	＋α	不動産投資 独立	42	10	解説記事	Know（不動産投資について知りたい）	解説記事	基礎解説			基礎解説		基礎解説
699	＋α	不動産投資 どこで 買う	31	40	解説記事	Know（不動産投資について知りたい）	解説記事	基礎解説	◎		基礎解説		基礎解説
700	＋α	不動産投資 売却 税金	28	140	解説記事	Know（節税・税金の実務を知りたい）	実践ガイド	節税・税金	◎		節税基礎	不動産投資の節税・税金の基礎知識まとめ	税金・節税
701	＋α	不動産投資 売却	31	170	体験記事	Know（売却・出口戦略のリアルを知りたい）	体験談	売却・出口	◎		売却・出口戦略	不動産投資の出口戦略｜売却タイミングの判断基準	大家の実務
702	＋α	不動産投資 売却タイミング	26	40	体験記事	Know（売却・出口戦略のリアルを知りたい）	体験談	売却・出口	◎		売却・出口戦略	不動産投資の出口戦略｜売却タイミングの判断基準	大家の実務
703	＋α	不動産投資 売却益	N/A	40	体験記事	Know（売却・出口戦略のリアルを知りたい）	体験談	売却・出口	◎		売却・出口戦略	不動産投資の出口戦略｜売却タイミングの判断基準	大家の実務
704	＋α	不動産投資 売却 確定申告	50	30	解説記事	Know（節税・税金の実務を知りたい）	実践ガイド	節税・税金			確定申告	不動産投資の確定申告やり方ガイド｜初年度の体験談	税金・節税
705	＋α	不動産投資 売却益 計算	46	10	体験記事	Know（売却・出口戦略のリアルを知りたい）	体験談	売却・出口		要確認	売却・出口戦略	不動産投資の出口戦略｜売却タイミングの判断基準	大家の実務
706	＋α	不動産投資 バブル	27	20	解説記事	Know（市場の変動を知りたい）	解説記事	市場動向	◎		市場動向	不動産投資の今後｜市場動向と将来性を分析	始め方ガイド
707	＋α	不動産投資 ババ抜き	N/A	10	解説記事	Know（不動産投資について知りたい）	解説記事	基礎解説	◎		基礎解説		基礎解説
708	＋α	不動産投資 売却 5年	N/A	0	削除			検索なし	◎				
709	＋α	不動産投資 バランスシート	N/A	10	解説記事	Know（不動産投資について知りたい）	解説記事	基礎解説	◎		基礎解説		基礎解説
710	＋α	不動産投資 ビル一棟	40	20	体験記事	Know（物件選びの実体験を知りたい）	体験談	物件選び			アパート一棟投資	アパート一棟買い投資の体験談｜メリットと注意点	物件選び
711	＋α	不動産投資 ビジネスモデル	N/A	20	解説記事	Know（不動産投資について知りたい）	解説記事	基礎解説	◎		基礎解説		基礎解説
712	＋α	不動産投資 ビル	N/A	40	解説記事	Know（不動産投資について知りたい）	解説記事	基礎解説	◎		基礎解説		基礎解説
713	＋α	不動産投資 ビジネス	44	10	解説記事	Know（不動産投資について知りたい）	解説記事	基礎解説			基礎解説		基礎解説
714	＋α	不動産投資 ビザ	17	10	解説記事	Know（不動産投資について知りたい）	解説記事	基礎解説	◎		基礎解説		基礎解説
715	＋α	不動産投資 ビルオーナー	27	10	体験記事	Know（運営のリアルを知りたい）	体験談	管理・運営	◎		管理・運営		大家の実務
716	＋α	不動産投資 ビット	46	0	削除			検索なし					
717	＋α	不動産投資 ビークル	23	10	解説記事	Know（不動産投資について知りたい）	解説記事	基礎解説	◎		基礎解説		基礎解説
718	＋α	不動産投資 ビル 利回り	N/A	0	削除			検索なし	◎				
719	＋α	不動産投資 貧乏	21	10	解説記事	Know（不動産投資について知りたい）	解説記事	基礎解説	◎		基礎解説		基礎解説
720	＋α	不動産投資 物件	39	720	体験記事	Know（物件選びの実体験を知りたい）	体験談	物件選び	◎		物件選び基礎	不動産投資の物件探し｜優良物件を見つける方法	物件選び
721	＋α	不動産投資 ブログ	37	720	解説記事	Know（不動産投資について知りたい）	解説記事	基礎解説	◎		基礎解説		基礎解説
722	＋α	不動産投資 物件 探し方	29	110	体験記事	Know（物件選びの実体験を知りたい）	体験談	物件選び	◎		物件選び基礎	不動産投資の物件探し｜優良物件を見つける方法	物件選び
723	＋α	不動産投資 分散	31	50	解説記事	Know（不動産投資について知りたい）	解説記事	基礎解説	◎		基礎解説		基礎解説
724	＋α	不動産投資 物件探し	38	50	体験記事	Know（物件選びの実体験を知りたい）	体験談	物件選び	◎		物件選び基礎	不動産投資の物件探し｜優良物件を見つける方法	物件選び
725	＋α	不動産投資 分譲マンション	N/A	20	体験記事	Know（物件選びの実体験を知りたい）	体験談	物件選び	◎		マンション投資	マンション・ワンルーム投資のリアル｜メリットと注意点	物件選び
726	＋α	不動産投資 物件選び	28	30	体験記事	Know（物件選びの実体験を知りたい）	体験談	物件選び	◎		物件選び基礎	不動産投資の物件探し｜優良物件を見つける方法	物件選び
727	＋α	不動産投資 分配金	N/A	10	解説記事	Know（不動産投資について知りたい）	解説記事	基礎解説	◎		基礎解説		基礎解説
728	＋α	不動産投資 ブランド	N/A	0	削除			検索なし	◎				
729	＋α	不動産投資 分配金 確定申告	N/A	10	解説記事	Know（節税・税金の実務を知りたい）	実践ガイド	節税・税金	◎		確定申告	不動産投資の確定申告やり方ガイド｜初年度の体験談	税金・節税
730	＋α	不動産投資 勉強	38	320	解説記事	Know（不動産投資の勉強方法を知りたい）	まとめ記事	勉強・書籍	◎		勉強法	不動産投資の勉強方法｜おすすめセミナー・資格・学び方	勉強・情報収集
731	＋α	不動産投資 勉強 本	37	70	解説記事	Know（不動産投資の勉強方法を知りたい）	まとめ記事	勉強・書籍	◎		おすすめ本	不動産投資のおすすめ本ランキング｜初心者必読の10冊	勉強・情報収集
732	＋α	不動産投資 勉強会	30	50	解説記事	Know（不動産投資の勉強方法を知りたい）	まとめ記事	勉強・書籍	◎		勉強法	不動産投資の勉強方法｜おすすめセミナー・資格・学び方	勉強・情報収集
733	＋α	不動産投資 弁護士	N/A	50	解説記事	Know（不動産投資について知りたい）	解説記事	基礎解説	◎		基礎解説		基礎解説
734	＋α	不動産投資 勉強 資格	29	20	解説記事	Know（不動産投資の勉強方法を知りたい）	まとめ記事	勉強・書籍	◎		勉強法	不動産投資の勉強方法｜おすすめセミナー・資格・学び方	勉強・情報収集
735	＋α	不動産投資 勉強の仕方	30	20	解説記事	Know（不動産投資の勉強方法を知りたい）	まとめ記事	勉強・書籍	◎		勉強法	不動産投資の勉強方法｜おすすめセミナー・資格・学び方	勉強・情報収集
736	＋α	不動産投資 弁護士 相談	26	40	解説記事	Know（不動産投資について知りたい）	解説記事	基礎解説	◎		基礎解説		基礎解説
737	＋α	不動産投資 ベルテックス	N/A	30	解説記事	Know（不動産投資について知りたい）	解説記事	基礎解説	◎		基礎解説		基礎解説
738	＋α	不動産投資 別荘	N/A	10	解説記事	Know（不動産投資について知りたい）	解説記事	基礎解説	◎		基礎解説		基礎解説
739	＋α	不動産投資 弁護士 無料相談	N/A	10	解説記事	Know（不動産投資について知りたい）	解説記事	基礎解説	◎		基礎解説		基礎解説
740	＋α	不動産投資 ボロ戸建て	N/A	20	体験記事	Know（物件選びの実体験を知りたい）	体験談	物件選び	◎		戸建て投資	戸建て不動産投資の始め方｜少額から始める方法	物件選び
741	＋α	不動産投資 簿記	29	10	解説記事	Know（不動産投資について知りたい）	解説記事	基礎解説	◎		基礎解説		基礎解説
742	＋α	不動産投資 ボードゲーム	N/A	20	解説記事	Know（不動産投資について知りたい）	解説記事	基礎解説	◎		基礎解説		基礎解説
743	＋α	不動産投資 ボルテックス	43	30	解説記事	Know（不動産投資について知りたい）	解説記事	基礎解説			基礎解説		基礎解説
744	＋α	不動産投資 募集	29	10	解説記事	Know（不動産投資について知りたい）	解説記事	基礎解説	◎		基礎解説		基礎解説
745	＋α	不動産投資 暴落	N/A	10	解説記事	Know（市場の変動を知りたい）	解説記事	市場動向	◎		市場動向	不動産投資の今後｜市場動向と将来性を分析	始め方ガイド
746	＋α	不動産投資 ボロ物件	N/A	10	体験記事	Know（物件選びの実体験を知りたい）	体験談	物件選び	◎		物件選び基礎	不動産投資の物件探し｜優良物件を見つける方法	物件選び
747	＋α	不動産投資 ボロアパート	43	10	体験記事	Know（物件選びの実体験を知りたい）	体験談	物件選び			アパート一棟投資	アパート一棟買い投資の体験談｜メリットと注意点	物件選び
748	＋α	不動産投資 簿価	20	0	削除			検索なし	◎				
749	＋α	不動産投資 ボラティリティ	28	0	削除			検索なし	◎				
750	＋α	不動産投資 パソコン 経費	31	70	解説記事	Know（節税・税金の実務を知りたい）	実践ガイド	節税・税金	◎		経費	不動産投資で経費にできるもの一覧｜実際の計上体験	税金・節税
751	＋α	不動産投資 paypay	40	0	削除			検索なし					
752	＋α	不動産投資 パンフレット	24	10	解説記事	Know（不動産投資について知りたい）	解説記事	基礎解説	◎		基礎解説		基礎解説
753	＋α	不動産投資 paypayポイント	39	0	削除			検索なし	◎				
754	＋α	不動産投資 パートナーズ	32	10	解説記事	Know（不動産投資について知りたい）	解説記事	基礎解説	◎		基礎解説		基礎解説
755	＋α	不動産投資 パート	N/A	10	解説記事	Know（不動産投資について知りたい）	解説記事	基礎解説	◎		基礎解説		基礎解説
756	＋α	不動産投資 パッケージ	32	0	削除			検索なし	◎				
757	＋α	不動産投資 パートナー	N/A	10	解説記事	Know（不動産投資について知りたい）	解説記事	基礎解説	◎		基礎解説		基礎解説
758	＋α	不動産投資 パターン	N/A	10	解説記事	Know（不動産投資について知りたい）	解説記事	基礎解説	◎		基礎解説		基礎解説
759	＋α	不動産投資 paypay5万円	N/A	0	削除			検索なし	◎				
760	＋α	不動産投資 騙 され た	31	40	体験記事	Know（失敗・後悔のリアルを知りたい）	体験談	失敗・後悔談	◎		失敗体験	不動産投資の失敗談｜私が経験した失敗と教訓	失敗談・リアルな話
761	＋α	不動産投資 pim	N/A	20	解説記事	Know（不動産投資について知りたい）	解説記事	基礎解説	◎		基礎解説		基礎解説
762	＋α	ピタットハウス 不動産投資	N/A	10	解説記事	Know（不動産投資について知りたい）	解説記事	基礎解説	◎		基礎解説		基礎解説
763	＋α	pivot 不動産投資	N/A	0	削除			検索なし	◎				
764	＋α	pim 不動産投資 営業	40	10	解説記事	Know（不動産投資について知りたい）	解説記事	基礎解説			基礎解説		基礎解説
765	＋α	不動産投資 プロフィールシート テンプレート	20	40	解説記事	Know（不動産投資について知りたい）	解説記事	基礎解説	◎		基礎解説		基礎解説
766	＋α	不動産投資 プロフィールシート エクセル	N/A	40	解説記事	Do（計算したい → ooya.techへ誘導）	ツール紹介	計算→ooya.tech誘導	◎		ツール紹介	不動産投資シミュレーションツール｜無料で使える計算ツール	ツール紹介
767	＋α	不動産投資 プロフィールシート	N/A	30	解説記事	Know（不動産投資について知りたい）	解説記事	基礎解説	◎		基礎解説		基礎解説
768	＋α	不動産投資 プレステージ	N/A	40	解説記事	Know（不動産投資について知りたい）	解説記事	基礎解説	◎		基礎解説		基礎解説
769	＋α	不動産投資 プレサンス	N/A	50	解説記事	Know（不動産投資について知りたい）	解説記事	基礎解説	◎		基礎解説		基礎解説
770	＋α	不動産投資 プロパーローン	N/A	50	体験記事	Know（ローン・融資のリアルを知りたい）	体験談	ローン・融資体験	◎		ローン基礎	不動産投資ローンとは？仕組み・おすすめ銀行・選び方	融資・ローン体験
771	＋α	不動産投資 プロパティエージェント	39	50	削除			特定企業	◎				
772	＋α	不動産投資 プレサンスコーポレーション	47	0	削除			検索なし					
773	＋α	不動産投資 ペアローン	N/A	10	体験記事	Know（ローン・融資のリアルを知りたい）	体験談	ローン・融資体験	◎		ローン基礎	不動産投資ローンとは？仕組み・おすすめ銀行・選び方	融資・ローン体験
774	＋α	不動産投資 ペイペイ	31	0	削除			検索なし	◎				
775	＋α	不動産投資 ペット可	19	10	解説記事	Know（不動産投資について知りたい）	解説記事	基礎解説	◎		基礎解説		基礎解説
776	＋α	不動産投資 per	N/A	10	解説記事	Know（不動産投資について知りたい）	解説記事	基礎解説	◎		基礎解説		基礎解説
777	＋α	不動産投資 ペット	22	10	解説記事	Know（不動産投資について知りたい）	解説記事	基礎解説	◎		基礎解説		基礎解説
778	＋α	ペリカン 不動産投資	23	30	解説記事	Know（不動産投資について知りたい）	解説記事	基礎解説	◎		基礎解説		基礎解説
779	＋α	peファンド 不動産投資	29	0	削除			検索なし	◎				
780	＋α	ペーパーカンパニー 不動産投資	N/A	0	削除			検索なし	◎				
781	＋α	不動産投資 ポイント	N/A	50	解説記事	Know（不動産投資について知りたい）	解説記事	基礎解説	◎		基礎解説		基礎解説
782	＋α	不動産投資 ポイ活	38	70	削除			勧誘・広告系	◎				
783	＋α	不動産投資 ポータルサイト	26	50	解説記事	Know（不動産投資について知りたい）	解説記事	基礎解説	◎		基礎解説		基礎解説
784	＋α	不動産投資 ポイントサイト	N/A	20	削除			勧誘・広告系	◎				
785	＋α	不動産投資 ポートフォリオ	28	50	解説記事	Know（不動産投資について知りたい）	解説記事	基礎解説	◎		基礎解説		基礎解説
786	＋α	不動産投資 ポイ活 断り方	34	50	削除			勧誘・広告系	◎				
787	＋α	不動産投資 ポイント目当て	N/A	0	削除			検索なし	◎				
788	＋α	不動産投資 ポンジ・スキーム	N/A	0	削除			検索なし	◎				
789	＋α	不動産投資 cm	43	50	削除			勧誘・広告系					
790	＋α	不動産投資 camel	42	40	削除			特定企業					
791	＋α	不動産投資 cfとは	28	10	解説記事	Know（利回り・収支の実態を知りたい）	実践ガイド	利回り・収支	◎		キャッシュフロー	不動産投資のキャッシュフロー計算｜月々いくら残る？	収支・利回り
792	＋α	不動産投資 一棟	36	110	体験記事	Know（物件選びの実体験を知りたい）	体験談	物件選び	◎		アパート一棟投資	アパート一棟買い投資の体験談｜メリットと注意点	物件選び
793	＋α	不動産投資 いくらから始められる	N/A	20	体験記事	Know（不動産投資の始め方を知りたい）	体験談	始め方・初心者向け	◎	要確認	初心者向け	不動産投資初心者が知っておくべきこと｜入門ガイド	始め方ガイド
794	＋α	不動産投資 ccr	19	20	解説記事	Know（不動産投資について知りたい）	解説記事	基礎解説	◎		基礎解説		基礎解説
795	＋α	不動産投資 lp	34	40	削除			勧誘・広告系	◎				
796	＋α	不動産投資 ltv	26	10	解説記事	Know（不動産投資について知りたい）	解説記事	基礎解説	◎		基礎解説		基礎解説
797	＋α	不動産投資 ltvとは	N/A	0	削除			検索なし	◎				
798	＋α	不動産投資 ccr 目安	22	30	解説記事	Know（相場・目安を知りたい）	実践ガイド	相場・目安	◎		必要資金	不動産投資の初期費用・必要資金｜予算別の投資プラン	収支・利回り
799	＋α	不動産投資 q&a	20	10	削除			QAサイト	◎				
800	＋α	不動産投資 売り時	N/A	40	体験記事	Know（売却・出口戦略のリアルを知りたい）	体験談	売却・出口	◎		売却・出口戦略	不動産投資の出口戦略｜売却タイミングの判断基準	大家の実務
801	＋α	不動産投資 vs 株式投資	48	10	解説記事	Know（他の投資と比較したい）	比較記事	投資比較			投資比較	不動産投資vs株式投資・NISA｜どっちが良い？比較検証	始め方ガイド
802	＋α	next view 不動産投資	N/A	10	解説記事	Know（不動産投資について知りたい）	解説記事	基礎解説	◎		基礎解説		基礎解説
803	＋α	ヴェリタス 不動産投資	N/A	0	削除			検索なし	◎				
804	＋α	vortex 不動産投資	29	10	削除			特定企業	◎				
805	＋α	vertex 不動産投資	N/A	0	削除			検索なし	◎				
806	＋α	不動産投資 ccrとは	N/A	0	削除			検索なし	◎				
807	＋α	不動産投資 lenz	N/A	0	削除			検索なし	◎				
808	＋α	不動産投資 line	N/A	10	削除			勧誘・広告系	◎				
809	＋α	不動産投資 x	N/A	0	削除			検索なし	◎				
810	＋α	lifull home's 不動産投資	43	70	解説記事	Know（不動産投資について知りたい）	解説記事	基礎解説			基礎解説		基礎解説
811	＋α	lifull 不動産投資	N/A	30	解説記事	Know（不動産投資について知りたい）	解説記事	基礎解説	◎		基礎解説		基礎解説
812	＋α	landic 不動産投資	N/A	10	削除			特定企業	◎				
813	＋α	kkr 不動産投資	N/A	10	削除			特定企業	◎				
