No	キーワード	SEO難易度	月間検索数	判定	検索意図	元トピック	ページID	ターゲットURL	ページタイトル案	振り分け理由
1	仲介手数料	32	18100	記事	Know（手数料の計算ルールを知りたい）	その他（要確認）	pillar	/tools/brokerage	仲介手数料シミュレーター【2026最新】	その他 → pillarに振り分け
2	仲介手数料無料	34	4400	記事	Know（無料の裏側・デメリットが不安）	無料の仕組み	article-02	/tools/brokerage/free	仲介手数料が無料のからくりとデメリット	トピック「無料の仕組み」
3	仲介手数料 相場	33	9900	記事	Know（いくら払うのか相場を知りたい）	相場ガイド	article-01	/tools/brokerage/market-rate	仲介手数料の相場【物件タイプ別】	トピック「相場ガイド」
4	仲介手数料 交渉	26	3600	記事	Do（手数料を値引き交渉したい）	交渉ガイド	article-06	/tools/brokerage/negotiation	仲介手数料の値引き交渉術【実体験】	トピック「交渉ガイド」
5	仲介手数料 計算	43	5400	計算ページ	Do（正確な金額を計算したい）	（計算ページ）	pillar	/tools/brokerage	仲介手数料シミュレーター【2026最新】	計算ページ → ピラー
6	仲介手数料 上限	28	1300	記事	Know（法律上の上限ルールを確認したい）	法律・規制	article-07	/tools/brokerage/law	仲介手数料の上限と法律	トピック「法律・規制」
7	仲介手数料無料 賃貸	34	1900	記事	Know（賃貸で手数料を安くする方法を知りたい）	賃貸特化	article-04	/tools/brokerage/rental	賃貸の仲介手数料ガイド	トピック「賃貸特化」
8	仲介手数料 不動産	27	14800	記事	Know（不動産取引の手数料全体を知りたい）	不動産の仲介手数料全般	article-03	/tools/brokerage/about	仲介手数料とは？仕組みを分かりやすく解説	トピック「不動産の仲介手数料全般」
9	仲介手数料 勘定科目	34	1600	記事	Do（仕訳・勘定科目を調べたい）	会計処理	article-09	/tools/brokerage/accounting	仲介手数料の勘定科目・仕訳・経費処理	トピック「会計処理」
10	仲介手数料 英語	33	390	削除		翻訳KW				翻訳KW
11	仲介手数料 賃貸	30	5400	記事	Know（賃貸の手数料ルールを知りたい）	賃貸特化	article-04	/tools/brokerage/rental	賃貸の仲介手数料ガイド	トピック「賃貸特化」
12	仲介手数料 消費税	24	880	記事	Know（消費税がかかるか確認したい）	消費税解説	article-11	/tools/brokerage/tax	仲介手数料の消費税・税金	トピック「消費税解説」
13	仲介手数料 安い 不動産	25	1900	記事	Buy（安い不動産会社を見つけたい）	安い不動産会社	article-08	/tools/brokerage/discount	仲介手数料が安い不動産会社の選び方	トピック「安い不動産会社」
14	仲介手数料とは	28	2400	記事	Know（仲介手数料の仕組みを理解したい）	基礎解説（guide強化）	article-03	/tools/brokerage/about	仲介手数料とは？仕組みを分かりやすく解説	トピック「基礎解説（guide強化）」
15	仲介手数料無料 不動産	26	1300	記事	Know（無料の不動産会社を探したい）	無料の仕組み	article-02	/tools/brokerage/free	仲介手数料が無料のからくりとデメリット	トピック「無料の仕組み」
16	仲介手数料無料 なぜ	34	480	記事	Know（無料の裏側・デメリットが不安）	無料の仕組み	article-02	/tools/brokerage/free	仲介手数料が無料のからくりとデメリット	トピック「無料の仕組み」
17	仲介手数料無料 不動産屋	24	390	記事	Know（無料の不動産会社を探したい）	無料の仕組み	article-02	/tools/brokerage/free	仲介手数料が無料のからくりとデメリット	トピック「無料の仕組み」
18	仲介手数料無料 大阪	22	590	削除		地域KW				地域KW
19	仲介手数料無料 福岡	34	320	削除		地域KW				地域KW
20	仲介手数料無料 デメリット	34	480	記事	Know（無料の裏側・デメリットが不安）	無料の仕組み	article-02	/tools/brokerage/free	仲介手数料が無料のからくりとデメリット	トピック「無料の仕組み」
21	仲介手数料無料 札幌	34	210	削除		地域KW				地域KW
22	仲介手数料無料 中古マンション	34	720	記事	Know（無料の不動産会社を探したい）	無料の仕組み	article-02	/tools/brokerage/free	仲介手数料が無料のからくりとデメリット	トピック「無料の仕組み」
23	仲介手数料 相場 賃貸	25	1300	記事	Know（いくら払うのか相場を知りたい）	相場ガイド	article-01	/tools/brokerage/market-rate	仲介手数料の相場【物件タイプ別】	トピック「相場ガイド」
24	仲介手数料 相場 売買	31	260	記事	Know（いくら払うのか相場を知りたい）	相場ガイド	article-01	/tools/brokerage/market-rate	仲介手数料の相場【物件タイプ別】	トピック「相場ガイド」
25	仲介手数料 相場 土地	27	260	記事	Know（いくら払うのか相場を知りたい）	相場ガイド	article-01	/tools/brokerage/market-rate	仲介手数料の相場【物件タイプ別】	トピック「相場ガイド」
26	仲介手数料 相場 中古マンション	34	140	記事	Know（いくら払うのか相場を知りたい）	相場ガイド	article-01	/tools/brokerage/market-rate	仲介手数料の相場【物件タイプ別】	トピック「相場ガイド」
27	仲介手数料 相場 中古住宅	46	110	記事	Know（いくら払うのか相場を知りたい）	相場ガイド	article-01	/tools/brokerage/market-rate	仲介手数料の相場【物件タイプ別】	トピック「相場ガイド」
28	仲介手数料 相場 不動産	N/A	0	削除						
29	仲介手数料 相場 戸建て	36	140	記事	Know（いくら払うのか相場を知りたい）	相場ガイド	article-01	/tools/brokerage/market-rate	仲介手数料の相場【物件タイプ別】	トピック「相場ガイド」
30	仲介手数料 相場 アパート	43	10	記事	Know（いくら払うのか相場を知りたい）	相場ガイド	article-01	/tools/brokerage/market-rate	仲介手数料の相場【物件タイプ別】	トピック「相場ガイド」
31	仲介手数料 相場 マンション	N/A	0	削除						
32	仲介手数料 交渉の仕方	37	90	記事	Do（手数料を値引き交渉したい）	交渉ガイド	article-06	/tools/brokerage/negotiation	仲介手数料の値引き交渉術【実体験】	トピック「交渉ガイド」
33	仲介手数料 交渉 言い方	35	140	記事	Do（手数料を値引き交渉したい）	交渉ガイド	article-06	/tools/brokerage/negotiation	仲介手数料の値引き交渉術【実体験】	トピック「交渉ガイド」
34	仲介手数料 交渉 賃貸	46	40	記事	Do（手数料を値引き交渉したい）	交渉ガイド	article-06	/tools/brokerage/negotiation	仲介手数料の値引き交渉術【実体験】	トピック「交渉ガイド」
35	仲介手数料 交渉 タイミング	N/A	70	記事	Do（手数料を値引き交渉したい）	交渉ガイド	article-06	/tools/brokerage/negotiation	仲介手数料の値引き交渉術【実体験】	トピック「交渉ガイド」
36	仲介手数料 交渉 売買	46	30	記事	Do（手数料を値引き交渉したい）	交渉ガイド	article-06	/tools/brokerage/negotiation	仲介手数料の値引き交渉術【実体験】	トピック「交渉ガイド」
37	仲介手数料 交渉できる	46	0	削除						
38	仲介手数料 交渉 中古マンション	N/A	10	記事	Do（手数料を値引き交渉したい）	交渉ガイド	article-06	/tools/brokerage/negotiation	仲介手数料の値引き交渉術【実体験】	トピック「交渉ガイド」
39	仲介手数料 交渉 例文	34	210	記事	Do（手数料を値引き交渉したい）	交渉ガイド	article-06	/tools/brokerage/negotiation	仲介手数料の値引き交渉術【実体験】	トピック「交渉ガイド」
40	仲介手数料 交渉 戸建て	28	10	記事	Do（手数料を値引き交渉したい）	交渉ガイド	article-06	/tools/brokerage/negotiation	仲介手数料の値引き交渉術【実体験】	トピック「交渉ガイド」
41	仲介手数料 計算式	N/A	210	計算ページ	Do（正確な金額を計算したい）	（計算ページ）	pillar	/tools/brokerage	仲介手数料シミュレーター【2026最新】	計算ページ → ピラー
42	仲介手数料 計算方法	26	260	計算ページ	Do（正確な金額を計算したい）	（計算ページ）	pillar	/tools/brokerage	仲介手数料シミュレーター【2026最新】	計算ページ → ピラー
43	仲介手数料 計算 シミュレーション	29	260	計算ページ	Do（正確な金額を計算したい）	（計算ページ）	pillar	/tools/brokerage	仲介手数料シミュレーター【2026最新】	計算ページ → ピラー
44	仲介手数料 計算 賃貸	26	260	記事	Do（正確な金額を計算したい）	計算×テーマ複合	article-04	/tools/brokerage/rental	賃貸の仲介手数料ガイド	トピック「計算×テーマ複合」
45	仲介手数料 計算 消費税	25	70	計算ページ	Do（正確な金額を計算したい）	（計算ページ）	pillar	/tools/brokerage	仲介手数料シミュレーター【2026最新】	計算ページ → ピラー
46	仲介手数料 計算 不動産	30	1900	計算ページ	Do（正確な金額を計算したい）	（計算ページ）	pillar	/tools/brokerage	仲介手数料シミュレーター【2026最新】	計算ページ → ピラー
47	仲介手数料 計算 売買	47	30	計算ページ	Do（正確な金額を計算したい）	（計算ページ）	pillar	/tools/brokerage	仲介手数料シミュレーター【2026最新】	計算ページ → ピラー
48	仲介手数料 計算 土地	44	20	計算ページ	Do（正確な金額を計算したい）	（計算ページ）	pillar	/tools/brokerage	仲介手数料シミュレーター【2026最新】	計算ページ → ピラー
49	仲介手数料 計算式 エクセル	21	20	計算ページ	Do（正確な金額を計算したい）	（計算ページ）	pillar	/tools/brokerage	仲介手数料シミュレーター【2026最新】	計算ページ → ピラー
50	仲介手数料 上限 賃貸	25	1600	記事	Know（法律上の上限ルールを確認したい）	法律・規制	article-07	/tools/brokerage/law	仲介手数料の上限と法律	トピック「法律・規制」
51	仲介手数料 上限 売買	46	40	記事	Know（法律上の上限ルールを確認したい）	法律・規制	article-07	/tools/brokerage/law	仲介手数料の上限と法律	トピック「法律・規制」
52	仲介手数料 上限 法律	N/A	50	記事	Know（法律上の上限ルールを確認したい）	法律・規制	article-07	/tools/brokerage/law	仲介手数料の上限と法律	トピック「法律・規制」
53	仲介手数料 上限引き上げ	44	40	記事	Know（法律上の上限ルールを確認したい）	法律・規制	article-07	/tools/brokerage/law	仲介手数料の上限と法律	トピック「法律・規制」
54	仲介手数料 上限 計算	N/A	10	計算ページ	Do（正確な金額を計算したい）	（計算ページ）	pillar	/tools/brokerage	仲介手数料シミュレーター【2026最新】	計算ページ → ピラー
55	仲介手数料 上限 消費税	N/A	0	削除						
56	仲介手数料 上限以上	N/A	10	記事	Know（法律上の上限ルールを確認したい）	法律・規制	article-07	/tools/brokerage/law	仲介手数料の上限と法律	トピック「法律・規制」
57	仲介手数料 上限 両手	41	0	削除						
58	仲介手数料 上限 共益費	N/A	0	削除						
59	仲介手数料無料 賃貸 東京	22	210	削除		地域KW				地域KW
60	仲介手数料無料 賃貸 大阪	21	210	削除		地域KW				地域KW
61	仲介手数料無料 賃貸 なぜ	26	70	記事	Know（賃貸で手数料を安くする方法を知りたい）	賃貸特化	article-04	/tools/brokerage/rental	賃貸の仲介手数料ガイド	トピック「賃貸特化」
62	仲介手数料無料 賃貸 サイト	N/A	40	記事	Know（賃貸で手数料を安くする方法を知りたい）	賃貸特化	article-04	/tools/brokerage/rental	賃貸の仲介手数料ガイド	トピック「賃貸特化」
63	仲介手数料無料 賃貸 不動産	23	70	記事	Know（賃貸で手数料を安くする方法を知りたい）	賃貸特化	article-04	/tools/brokerage/rental	賃貸の仲介手数料ガイド	トピック「賃貸特化」
64	仲介手数料無料 賃貸 line	N/A	0	削除						
65	仲介手数料無料 賃貸 神奈川	17	10	削除		地域KW				地域KW
66	仲介手数料無料 賃貸 千葉	21	10	削除		地域KW				地域KW
67	仲介手数料無料 賃貸 横浜	N/A	30	削除		地域KW				地域KW
68	仲介手数料 不動産 相場	29	2900	記事	Know（いくら払うのか相場を知りたい）	相場ガイド	article-01	/tools/brokerage/market-rate	仲介手数料の相場【物件タイプ別】	トピック「相場ガイド」
69	仲介手数料 不動産 賃貸	27	1600	記事	Know（賃貸の手数料ルールを知りたい）	賃貸特化	article-04	/tools/brokerage/rental	賃貸の仲介手数料ガイド	トピック「賃貸特化」
70	仲介手数料 不動産 安い	29	1900	記事	Buy（安い不動産会社を見つけたい）	安い不動産会社	article-08	/tools/brokerage/discount	仲介手数料が安い不動産会社の選び方	トピック「安い不動産会社」
71	仲介手数料 不動産売買	31	3600	記事	Know（売買の手数料ルールを知りたい）	売買特化	article-05	/tools/brokerage/purchase	売買の仲介手数料ガイド	トピック「売買特化」
72	仲介手数料 不動産 計算	26	1900	計算ページ	Do（正確な金額を計算したい）	（計算ページ）	pillar	/tools/brokerage	仲介手数料シミュレーター【2026最新】	計算ページ → ピラー
73	仲介手数料 不動産 上限	46	40	記事	Know（法律上の上限ルールを確認したい）	法律・規制	article-07	/tools/brokerage/law	仲介手数料の上限と法律	トピック「法律・規制」
74	仲介手数料 不動産 消費税	34	260	記事	Know（消費税がかかるか確認したい）	消費税解説	article-11	/tools/brokerage/tax	仲介手数料の消費税・税金	トピック「消費税解説」
75	仲介手数料 不動産屋	30	880	記事	Know（不動産取引の手数料全体を知りたい）	不動産の仲介手数料全般	article-03	/tools/brokerage/about	仲介手数料とは？仕組みを分かりやすく解説	トピック「不動産の仲介手数料全般」
76	仲介手数料 不動産 交渉	N/A	10	記事	Do（手数料を値引き交渉したい）	交渉ガイド	article-06	/tools/brokerage/negotiation	仲介手数料の値引き交渉術【実体験】	トピック「交渉ガイド」
77	仲介手数料 勘定科目 20万円以上	29	110	記事	Do（仕訳・勘定科目を調べたい）	会計処理	article-09	/tools/brokerage/accounting	仲介手数料の勘定科目・仕訳・経費処理	トピック「会計処理」
78	仲介手数料 勘定科目 法人	33	40	記事	Do（仕訳・勘定科目を調べたい）	会計処理	article-09	/tools/brokerage/accounting	仲介手数料の勘定科目・仕訳・経費処理	トピック「会計処理」
79	仲介手数料 勘定科目 個人事業主	59	70	記事	Do（仕訳・勘定科目を調べたい）	会計処理	article-09	/tools/brokerage/accounting	仲介手数料の勘定科目・仕訳・経費処理	トピック「会計処理」
80	仲介手数料 勘定科目 賃貸	N/A	20	記事	Know（賃貸の手数料ルールを知りたい）	賃貸特化	article-04	/tools/brokerage/rental	賃貸の仲介手数料ガイド	トピック「賃貸特化」
81	仲介手数料 勘定科目 消費税	50	30	記事	Do（仕訳・勘定科目を調べたい）	会計処理	article-09	/tools/brokerage/accounting	仲介手数料の勘定科目・仕訳・経費処理	トピック「会計処理」
82	仲介手数料 勘定科目 不動産	33	0	削除						
83	仲介手数料 勘定科目 駐車場	N/A	0	削除						
84	仲介手数料 英語 不動産	45	10	削除		翻訳KW				翻訳KW
85	仲介手数料 英語 ビジネス	48	0	削除						
86	仲介手数料 賃貸 上限	25	1300	記事	Know（法律上の上限ルールを確認したい）	法律・規制	article-07	/tools/brokerage/law	仲介手数料の上限と法律	トピック「法律・規制」
87	仲介手数料 賃貸 相場	36	1300	記事	Know（いくら払うのか相場を知りたい）	相場ガイド	article-01	/tools/brokerage/market-rate	仲介手数料の相場【物件タイプ別】	トピック「相場ガイド」
88	仲介手数料 賃貸 交渉	37	480	記事	Do（手数料を値引き交渉したい）	交渉ガイド	article-06	/tools/brokerage/negotiation	仲介手数料の値引き交渉術【実体験】	トピック「交渉ガイド」
89	仲介手数料 賃貸 無料	23	1900	記事	Know（賃貸で手数料を安くする方法を知りたい）	賃貸特化	article-04	/tools/brokerage/rental	賃貸の仲介手数料ガイド	トピック「賃貸特化」
90	仲介手数料 賃貸 安い	37	210	記事	Know（賃貸で手数料を安くする方法を知りたい）	賃貸特化	article-04	/tools/brokerage/rental	賃貸の仲介手数料ガイド	トピック「賃貸特化」
91	仲介手数料 賃貸 法律	30	50	記事	Know（法律上の上限ルールを確認したい）	法律・規制	article-07	/tools/brokerage/law	仲介手数料の上限と法律	トピック「法律・規制」
92	仲介手数料 賃貸 いくら	N/A	30	記事	Know（いくら払うのか相場を知りたい）	相場ガイド	article-01	/tools/brokerage/market-rate	仲介手数料の相場【物件タイプ別】	トピック「相場ガイド」
93	仲介手数料 賃貸 計算	25	260	記事	Do（正確な金額を計算したい）	計算×テーマ複合	article-04	/tools/brokerage/rental	賃貸の仲介手数料ガイド	トピック「計算×テーマ複合」
94	仲介手数料 賃貸 勘定科目	N/A	0	削除						
95	仲介手数料 消費税かかる	28	50	記事	Know（消費税がかかるか確認したい）	消費税解説	article-11	/tools/brokerage/tax	仲介手数料の消費税・税金	トピック「消費税解説」
96	仲介手数料 消費税 なぜ	N/A	0	削除						
97	仲介手数料 消費税 個別対応	N/A	0	削除						
98	仲介手数料 消費税 計算	29	70	計算ページ	Do（正確な金額を計算したい）	（計算ページ）	pillar	/tools/brokerage	仲介手数料シミュレーター【2026最新】	計算ページ → ピラー
99	仲介手数料 消費税 土地	35	210	記事	Know（消費税がかかるか確認したい）	消費税解説	article-11	/tools/brokerage/tax	仲介手数料の消費税・税金	トピック「消費税解説」
100	仲介手数料 消費税 建物	N/A	0	削除						
101	仲介手数料 消費税区分	28	10	記事	Know（消費税がかかるか確認したい）	消費税解説	article-11	/tools/brokerage/tax	仲介手数料の消費税・税金	トピック「消費税解説」
102	仲介手数料 消費税 土地建物	N/A	0	削除						
103	仲介手数料 消費税 簡易課税	N/A	0	削除						
104	仲介手数料 安い 不動産 賃貸	35	110	記事	Know（賃貸で手数料を安くする方法を知りたい）	賃貸特化	article-04	/tools/brokerage/rental	賃貸の仲介手数料ガイド	トピック「賃貸特化」
105	仲介手数料 安い 不動産屋	35	210	記事	Buy（安い不動産会社を見つけたい）	安い不動産会社	article-08	/tools/brokerage/discount	仲介手数料が安い不動産会社の選び方	トピック「安い不動産会社」
106	仲介手数料 安い 不動産 大阪	27	30	削除		地域KW				地域KW
107	仲介手数料 安い 不動産 東京	41	70	削除		地域KW				地域KW
108	仲介手数料 安い 不動産 福岡	17	30	削除		地域KW				地域KW
109	仲介手数料 安い 不動産 購入	28	30	記事	Know（購入時の手数料を把握したい）	売買特化	article-05	/tools/brokerage/purchase	売買の仲介手数料ガイド	トピック「売買特化」
110	仲介手数料 0.5ヶ月	28	210	計算ページ	Do（正確な金額を計算したい）	金額早見表	pillar	/tools/brokerage	仲介手数料シミュレーター【2026最新】	計算ページ → ピラー
111	仲介手数料 0.55ヶ月	25	140	計算ページ	Do（正確な金額を計算したい）	金額早見表	pillar	/tools/brokerage	仲介手数料シミュレーター【2026最新】	計算ページ → ピラー
112	仲介手数料 0円	34	170	計算ページ	Do（正確な金額を計算したい）	金額早見表	pillar	/tools/brokerage	仲介手数料シミュレーター【2026最新】	計算ページ → ピラー
113	仲介手数料 0.5	25	70	記事	Know（具体的な金額・率の意味を知りたい）	その他（要確認）	article-04	/tools/brokerage/rental	賃貸の仲介手数料ガイド	その他 → article-04に振り分け
114	仲介手数料 0.55ヶ月 法律	41	20	計算ページ	Do（正確な金額を計算したい）	金額早見表	pillar	/tools/brokerage	仲介手数料シミュレーター【2026最新】	計算ページ → ピラー
115	仲介手数料 0.55	31	50	記事	Know（具体的な金額・率の意味を知りたい）	その他（要確認）	article-04	/tools/brokerage/rental	賃貸の仲介手数料ガイド	その他 → article-04に振り分け
116	仲介手数料 0	22	110	記事	Know（具体的な金額・率の意味を知りたい）	その他（要確認）	article-03	/tools/brokerage/about	仲介手数料とは？仕組みを分かりやすく解説	その他 → article-03に振り分け
117	仲介手数料 0円 なぜ	25	30	計算ページ	Do（正確な金額を計算したい）	金額早見表	pillar	/tools/brokerage	仲介手数料シミュレーター【2026最新】	計算ページ → ピラー
118	仲介手数料 0.5ヶ月 交渉	45	50	計算ページ	Do（正確な金額を計算したい）	金額早見表	pillar	/tools/brokerage	仲介手数料シミュレーター【2026最新】	計算ページ → ピラー
119	仲介手数料 0.5か月	N/A	10	記事	Know（具体的な金額・率の意味を知りたい）	その他（要確認）	article-04	/tools/brokerage/rental	賃貸の仲介手数料ガイド	その他 → article-04に振り分け
120	仲介手数料 1ヶ月	34	140	計算ページ	Do（正確な金額を計算したい）	金額早見表	pillar	/tools/brokerage	仲介手数料シミュレーター【2026最新】	計算ページ → ピラー
121	仲介手数料 1ヶ月 違法	34	1300	記事	Know（請求された金額が違法でないか確認したい）	違法性の解説	article-07	/tools/brokerage/law	仲介手数料の上限と法律	トピック「違法性の解説」
122	仲介手数料 1ヶ月分	45	70	計算ページ	Do（正確な金額を計算したい）	金額早見表	pillar	/tools/brokerage	仲介手数料シミュレーター【2026最新】	計算ページ → ピラー
123	仲介手数料 1.1	42	50	記事	Know（具体的な金額・率の意味を知りたい）	その他（要確認）	article-04	/tools/brokerage/rental	賃貸の仲介手数料ガイド	その他 → article-04に振り分け
124	仲介手数料 1.1ヶ月とは	N/A	0	削除						
125	仲介手数料 1.1ヶ月 交渉	50	10	計算ページ	Do（正確な金額を計算したい）	金額早見表	pillar	/tools/brokerage	仲介手数料シミュレーター【2026最新】	計算ページ → ピラー
126	仲介手数料 1ヶ月分 拒否	N/A	0	削除						
127	仲介手数料 1000万円以下	27	30	計算ページ	Do（正確な金額を計算したい）	金額早見表	pillar	/tools/brokerage	仲介手数料シミュレーター【2026最新】	計算ページ → ピラー
128	仲介手数料 1.1ヶ月	35	480	計算ページ	Do（正確な金額を計算したい）	金額早見表	pillar	/tools/brokerage	仲介手数料シミュレーター【2026最新】	計算ページ → ピラー
129	仲介手数料 1.1ヶ月 違法	48	40	記事	Know（請求された金額が違法でないか確認したい）	違法性の解説	article-07	/tools/brokerage/law	仲介手数料の上限と法律	トピック「違法性の解説」
130	仲介手数料 20万円以上	32	50	計算ページ	Do（正確な金額を計算したい）	金額早見表	pillar	/tools/brokerage	仲介手数料シミュレーター【2026最新】	計算ページ → ピラー
131	仲介手数料 200万円以下	46	90	計算ページ	Do（正確な金額を計算したい）	金額早見表	pillar	/tools/brokerage	仲介手数料シミュレーター【2026最新】	計算ページ → ピラー
132	仲介手数料 2ヶ月	27	10	計算ページ	Do（正確な金額を計算したい）	金額早見表	pillar	/tools/brokerage	仲介手数料シミュレーター【2026最新】	計算ページ → ピラー
133	仲介手数料 2ヶ月分	25	20	計算ページ	Do（正確な金額を計算したい）	金額早見表	pillar	/tools/brokerage	仲介手数料シミュレーター【2026最新】	計算ページ → ピラー
134	仲介手数料 2000万円	29	0	削除						
135	仲介手数料 2社	24	20	記事	Know（具体的な金額・率の意味を知りたい）	その他（要確認）	article-03	/tools/brokerage/about	仲介手数料とは？仕組みを分かりやすく解説	その他 → article-03に振り分け
136	仲介手数料 2	30	10	記事	Know（具体的な金額・率の意味を知りたい）	その他（要確認）	article-03	/tools/brokerage/about	仲介手数料とは？仕組みを分かりやすく解説	その他 → article-03に振り分け
137	仲介手数料 200万円	N/A	10	計算ページ	Do（正確な金額を計算したい）	金額早見表	pillar	/tools/brokerage	仲介手数料シミュレーター【2026最新】	計算ページ → ピラー
138	仲介手数料 200万円以下 改正	N/A	0	削除						
139	仲介手数料 2重	19	0	削除						
140	仲介手数料 33万円	23	260	計算ページ	Do（正確な金額を計算したい）	金額早見表	pillar	/tools/brokerage	仲介手数料シミュレーター【2026最新】	計算ページ → ピラー
141	仲介手数料 3	45	70	記事	Know（具体的な金額・率の意味を知りたい）	その他（要確認）	article-03	/tools/brokerage/about	仲介手数料とは？仕組みを分かりやすく解説	その他 → article-03に振り分け
142	仲介手数料 30万円	26	110	計算ページ	Do（正確な金額を計算したい）	金額早見表	pillar	/tools/brokerage	仲介手数料シミュレーター【2026最新】	計算ページ → ピラー
143	仲介手数料 3 税込	28	0	削除						
144	仲介手数料 3.3	23	30	記事	Know（具体的な金額・率の意味を知りたい）	その他（要確認）	article-03	/tools/brokerage/about	仲介手数料とは？仕組みを分かりやすく解説	その他 → article-03に振り分け
145	仲介手数料 3パーセント	42	70	計算ページ	Do（正確な金額を計算したい）	金額早見表	pillar	/tools/brokerage	仲介手数料シミュレーター【2026最新】	計算ページ → ピラー
146	仲介手数料 300万円	N/A	20	計算ページ	Do（正確な金額を計算したい）	金額早見表	pillar	/tools/brokerage	仲介手数料シミュレーター【2026最新】	計算ページ → ピラー
147	仲介手数料 3000万	N/A	0	削除						
148	仲介手数料 3 以上	30	0	削除						
149	仲介手数料 33万円 土地	N/A	0	削除						
150	仲介手数料 4	42	10	記事	Know（具体的な金額・率の意味を知りたい）	その他（要確認）	article-03	/tools/brokerage/about	仲介手数料とは？仕組みを分かりやすく解説	その他 → article-03に振り分け
151	仲介手数料 400万円以下	28	70	計算ページ	Do（正確な金額を計算したい）	金額早見表	pillar	/tools/brokerage	仲介手数料シミュレーター【2026最新】	計算ページ → ピラー
152	仲介手数料 400万円	44	20	計算ページ	Do（正確な金額を計算したい）	金額早見表	pillar	/tools/brokerage	仲介手数料シミュレーター【2026最新】	計算ページ → ピラー
153	仲介手数料 4000万	40	0	削除						
154	仲介手数料 400万円以下 計算	31	70	計算ページ	Do（正確な金額を計算したい）	（計算ページ）	pillar	/tools/brokerage	仲介手数料シミュレーター【2026最新】	計算ページ → ピラー
155	仲介手数料 450万円	N/A	0	削除						
156	仲介手数料 400万円以下 改正	35	320	記事	Know（法改正が自分に影響するか知りたい）	法改正解説	article-13	/tools/brokerage/reform-2024	2024年仲介手数料の法改正	トピック「法改正解説」
157	仲介手数料 400万円以上	29	10	計算ページ	Do（正確な金額を計算したい）	金額早見表	pillar	/tools/brokerage	仲介手数料シミュレーター【2026最新】	計算ページ → ピラー
158	仲介手数料 4万	N/A	0	削除						
159	仲介手数料 4パーセント	N/A	10	計算ページ	Do（正確な金額を計算したい）	金額早見表	pillar	/tools/brokerage	仲介手数料シミュレーター【2026最新】	計算ページ → ピラー
160	仲介手数料 500万円以下	27	50	計算ページ	Do（正確な金額を計算したい）	金額早見表	pillar	/tools/brokerage	仲介手数料シミュレーター【2026最新】	計算ページ → ピラー
161	仲介手数料 50パーセント	43	40	計算ページ	Do（正確な金額を計算したい）	金額早見表	pillar	/tools/brokerage	仲介手数料シミュレーター【2026最新】	計算ページ → ピラー
162	仲介手数料 50	41	30	記事	Know（具体的な金額・率の意味を知りたい）	その他（要確認）	article-03	/tools/brokerage/about	仲介手数料とは？仕組みを分かりやすく解説	その他 → article-03に振り分け
163	仲介手数料 500万円	28	10	計算ページ	Do（正確な金額を計算したい）	金額早見表	pillar	/tools/brokerage	仲介手数料シミュレーター【2026最新】	計算ページ → ピラー
164	仲介手数料 5000万	N/A	0	削除						
165	仲介手数料 55	24	20	記事	Know（具体的な金額・率の意味を知りたい）	その他（要確認）	article-03	/tools/brokerage/about	仲介手数料とは？仕組みを分かりやすく解説	その他 → article-03に振り分け
166	仲介手数料 5	43	10	記事	Know（具体的な金額・率の意味を知りたい）	その他（要確認）	article-03	/tools/brokerage/about	仲介手数料とは？仕組みを分かりやすく解説	その他 → article-03に振り分け
167	仲介手数料 5万	31	0	削除						
168	仲介手数料 5割	N/A	0	削除						
169	仲介手数料 55パーセント	N/A	30	計算ページ	Do（正確な金額を計算したい）	金額早見表	pillar	/tools/brokerage	仲介手数料シミュレーター【2026最新】	計算ページ → ピラー
170	仲介手数料 6万円	23	70	計算ページ	Do（正確な金額を計算したい）	金額早見表	pillar	/tools/brokerage	仲介手数料シミュレーター【2026最新】	計算ページ → ピラー
171	仲介手数料 6万とは	N/A	20	計算ページ	Do（正確な金額を計算したい）	金額早見表	pillar	/tools/brokerage	仲介手数料シミュレーター【2026最新】	計算ページ → ピラー
172	仲介手数料 6万円 なぜ	24	10	計算ページ	Do（正確な金額を計算したい）	金額早見表	pillar	/tools/brokerage	仲介手数料シミュレーター【2026最新】	計算ページ → ピラー
173	仲介手数料 6パーセント	23	30	計算ページ	Do（正確な金額を計算したい）	金額早見表	pillar	/tools/brokerage	仲介手数料シミュレーター【2026最新】	計算ページ → ピラー
174	仲介手数料 600万円	26	0	削除						
175	仲介手数料 6	N/A	20	記事	Know（具体的な金額・率の意味を知りたい）	その他（要確認）	article-03	/tools/brokerage/about	仲介手数料とは？仕組みを分かりやすく解説	その他 → article-03に振り分け
176	仲介手数料 6万円 意味	20	10	計算ページ	Do（正確な金額を計算したい）	金額早見表	pillar	/tools/brokerage	仲介手数料シミュレーター【2026最新】	計算ページ → ピラー
177	仲介手数料 6万円 根拠	30	30	計算ページ	Do（正確な金額を計算したい）	金額早見表	pillar	/tools/brokerage	仲介手数料シミュレーター【2026最新】	計算ページ → ピラー
178	仲介手数料 7万	41	20	計算ページ	Do（正確な金額を計算したい）	金額早見表	pillar	/tools/brokerage	仲介手数料シミュレーター【2026最新】	計算ページ → ピラー
179	仲介手数料 700万円	23	0	削除						
180	仲介手数料 700万以下	N/A	0	削除						
181	仲介手数料 70万	N/A	0	削除						
182	仲介手数料 7	N/A	0	削除						
183	7000万 仲介手数料	N/A	0	削除						
184	700万円以下 仲介手数料	N/A	0	削除						
185	750万円 仲介手数料	N/A	0	削除						
186	780万円 仲介手数料	N/A	0	削除						
187	仲介手数料 800万円以下	25	720	計算ページ	Do（正確な金額を計算したい）	金額早見表	pillar	/tools/brokerage	仲介手数料シミュレーター【2026最新】	計算ページ → ピラー
188	仲介手数料 800万円以下 改正	24	210	記事	Know（法改正が自分に影響するか知りたい）	法改正解説	article-13	/tools/brokerage/reform-2024	2024年仲介手数料の法改正	トピック「法改正解説」
189	仲介手数料 800万円	N/A	0	削除						
190	仲介手数料 8万	47	10	計算ページ	Do（正確な金額を計算したい）	金額早見表	pillar	/tools/brokerage	仲介手数料シミュレーター【2026最新】	計算ページ → ピラー
191	仲介手数料 800万円以下 土地	N/A	0	削除						
192	仲介手数料 800	N/A	0	削除						
193	仲介手数料 800万円以下 改正 土地	44	0	削除						
194	仲介手数料 800万円以下 改正 いつから	43	70	記事	Know（法改正が自分に影響するか知りたい）	法改正解説	article-13	/tools/brokerage/reform-2024	2024年仲介手数料の法改正	トピック「法改正解説」
195	仲介手数料 800万以上	N/A	0	削除						
196	仲介手数料 800万円以下 改正 国土交通省	34	90	記事	Know（法改正が自分に影響するか知りたい）	法改正解説	article-13	/tools/brokerage/reform-2024	2024年仲介手数料の法改正	トピック「法改正解説」
197	仲介手数料 9万	27	0	削除						
198	仲介手数料 9800円	22	10	計算ページ	Do（正確な金額を計算したい）	金額早見表	pillar	/tools/brokerage	仲介手数料シミュレーター【2026最新】	計算ページ → ピラー
199	仲介手数料 900万円	29	0	削除						
200	仲介手数料 900万円以下	N/A	0	削除						
201	仲介手数料 90	N/A	0	削除						
202	仲介手数料 90万円	N/A	0	削除						
203	980万円 仲介手数料	N/A	20	計算ページ	Do（正確な金額を計算したい）	金額早見表	pillar	/tools/brokerage	仲介手数料シミュレーター【2026最新】	計算ページ → ピラー
204	9000万円 仲介手数料	25	0	削除						
205	950万 仲介手数料	N/A	0	削除						
206	仲介手数料 ad	43	30	記事	Know（業界の仕組み・慣習を知りたい）	業界の仕組み	article-03	/tools/brokerage/about	仲介手数料とは？仕組みを分かりやすく解説	トピック「業界の仕組み」
207	仲介手数料 アパマンショップ	34	1900	削除		ブランドKW				ブランドKW
208	仲介手数料 相見積もり	26	20	記事	Do（請求された手数料が正しいか確認したい）	確認方法	article-12	/tools/brokerage/payment	仲介手数料はいつ誰が払う？	トピック「確認方法」
209	仲介手数料 按分	33	20	記事	Know（手数料の計算ルールを知りたい）	その他（要確認）	article-09	/tools/brokerage/accounting	仲介手数料の勘定科目・仕訳・経費処理	その他 → article-09に振り分け
210	仲介手数料 アエラス	N/A	0	削除						
211	仲介手数料 ad 違い	29	10	記事	Know（業界の仕組み・慣習を知りたい）	業界の仕組み	article-03	/tools/brokerage/about	仲介手数料とは？仕組みを分かりやすく解説	トピック「業界の仕組み」
212	仲介手数料 預り金	N/A	0	削除						
213	仲介手数料 アパート	35	210	記事	Know（自分の物件タイプの手数料を知りたい）	物件タイプ別	article-10	/tools/brokerage/property-type	物件タイプ別の仲介手数料	トピック「物件タイプ別」
214	仲介手数料 空き家	22	40	記事	Know（自分の物件タイプの手数料を知りたい）	物件タイプ別	article-10	/tools/brokerage/property-type	物件タイプ別の仲介手数料	トピック「物件タイプ別」
215	仲介手数料 アパート 相場	27	210	記事	Know（いくら払うのか相場を知りたい）	相場ガイド	article-01	/tools/brokerage/market-rate	仲介手数料の相場【物件タイプ別】	トピック「相場ガイド」
216	仲介手数料 いくら	30	320	記事	Know（いくら払うのか相場を知りたい）	相場ガイド	article-01	/tools/brokerage/market-rate	仲介手数料の相場【物件タイプ別】	トピック「相場ガイド」
217	仲介手数料 いつ払う	24	170	記事	Know（いつ・どう払うのかわからない）	支払い・負担者	article-12	/tools/brokerage/payment	仲介手数料はいつ誰が払う？	トピック「支払い・負担者」
218	仲介手数料 印紙代	N/A	70	記事	Know（契約・書類の手続きを知りたい）	契約・書類	article-15	/tools/brokerage/documents	仲介手数料の契約書・印紙・手付金	トピック「契約・書類」
219	仲介手数料 印紙	29	90	記事	Know（契約・書類の手続きを知りたい）	契約・書類	article-15	/tools/brokerage/documents	仲介手数料の契約書・印紙・手付金	トピック「契約・書類」
220	仲介手数料 いくらくらい	44	20	記事	Know（いくら払うのか相場を知りたい）	相場ガイド	article-01	/tools/brokerage/market-rate	仲介手数料の相場【物件タイプ別】	トピック「相場ガイド」
221	仲介手数料 一ヶ月以上	44	30	記事	Know（手数料の計算ルールを知りたい）	その他（要確認）	article-04	/tools/brokerage/rental	賃貸の仲介手数料ガイド	その他 → article-04に振り分け
222	仲介手数料 一ヶ月	34	70	記事	Know（手数料の計算ルールを知りたい）	その他（要確認）	article-04	/tools/brokerage/rental	賃貸の仲介手数料ガイド	その他 → article-04に振り分け
223	仲介手数料 いつ払う 賃貸	29	30	記事	Know（賃貸の手数料ルールを知りたい）	賃貸特化	article-04	/tools/brokerage/rental	賃貸の仲介手数料ガイド	トピック「賃貸特化」
224	仲介手数料 いくらまで	44	90	記事	Know（いくら払うのか相場を知りたい）	相場ガイド	article-01	/tools/brokerage/market-rate	仲介手数料の相場【物件タイプ別】	トピック「相場ガイド」
225	仲介手数料 一括損金	N/A	0	削除						
226	仲介手数料 売主	28	170	記事	Know（売主・買主どちらが負担するか知りたい）	売買特化	article-05	/tools/brokerage/purchase	売買の仲介手数料ガイド	トピック「売買特化」
227	仲介手数料 売り手 買い手	31	20	記事	Know（売主・買主どちらが負担するか知りたい）	売買特化	article-05	/tools/brokerage/purchase	売買の仲介手数料ガイド	トピック「売買特化」
228	仲介手数料 内訳	44	40	記事	Know（手数料の内訳が知りたい）	費用の内訳	article-14	/tools/brokerage/breakdown	仲介手数料の内訳と料率	トピック「費用の内訳」
229	仲介手数料 売上計上時期	22	20	記事	Know（計上時期・損金処理を知りたい）	会計処理	article-09	/tools/brokerage/accounting	仲介手数料の勘定科目・仕訳・経費処理	トピック「会計処理」
230	仲介手数料 売主 買主	48	20	記事	Know（売主・買主どちらが負担するか知りたい）	売買特化	article-05	/tools/brokerage/purchase	売買の仲介手数料ガイド	トピック「売買特化」
231	仲介手数料 上乗せ	N/A	0	削除						
232	仲介手数料 うざい	N/A	0	削除						
233	仲介手数料 売主 買主 両方	30	140	記事	Know（売主・買主どちらが負担するか知りたい）	売買特化	article-05	/tools/brokerage/purchase	売買の仲介手数料ガイド	トピック「売買特化」
234	仲介手数料 売る側	44	0	削除						
235	仲介手数料 受取手数料	33	0	削除						
236	仲介手数料 英語で	46	30	削除		翻訳KW				翻訳KW
237	仲介手数料 エイブル	34	1900	削除		ブランドKW				ブランドKW
238	仲介手数料 エリッツ	34	0	削除						
239	仲介手数料 益金算入時期	22	0	削除						
240	仲介手数料 覚書 印紙	N/A	0	削除						
241	仲介手数料 オーナー負担	45	20	記事	Know（誰が負担するのかわからない）	支払い・負担者	article-12	/tools/brokerage/payment	仲介手数料はいつ誰が払う？	トピック「支払い・負担者」
242	仲介手数料 抑える方法	N/A	10	記事	Do（手数料を値引き交渉したい）	交渉ガイド	article-06	/tools/brokerage/negotiation	仲介手数料の値引き交渉術【実体験】	トピック「交渉ガイド」
243	仲介手数料 抑えたい	N/A	10	記事	Do（手数料を値引き交渉したい）	交渉ガイド	article-06	/tools/brokerage/negotiation	仲介手数料の値引き交渉術【実体験】	トピック「交渉ガイド」
244	仲介手数料 表	43	20	計算ページ	Do（正確な金額を計算したい）	早見表	pillar	/tools/brokerage	仲介手数料シミュレーター【2026最新】	計算ページ → ピラー
245	仲介手数料 オープンハウス	30	0	削除						
246	仲介手数料 覚書	27	10	記事	Know（契約・書類の手続きを知りたい）	契約・書類	article-15	/tools/brokerage/documents	仲介手数料の契約書・印紙・手付金	トピック「契約・書類」
247	仲介手数料 大家から	28	10	記事	Know（誰が負担するのかわからない）	支払い・負担者	article-12	/tools/brokerage/payment	仲介手数料はいつ誰が払う？	トピック「支払い・負担者」
248	仲介手数料 オフィス	N/A	10	記事	Know（自分の物件タイプの手数料を知りたい）	物件タイプ別	article-10	/tools/brokerage/property-type	物件タイプ別の仲介手数料	トピック「物件タイプ別」
249	仲介手数料 大家負担	42	10	記事	Know（誰が負担するのかわからない）	支払い・負担者	article-12	/tools/brokerage/payment	仲介手数料はいつ誰が払う？	トピック「支払い・負担者」
250	仲介手数料 管理費含む	29	40	記事	Know（手数料の計算ルールを知りたい）	賃料・管理費関連	article-04	/tools/brokerage/rental	賃貸の仲介手数料ガイド	トピック「賃料・管理費関連」
251	仲介手数料 科目	N/A	140	記事	Do（仕訳・勘定科目を調べたい）	会計処理	article-09	/tools/brokerage/accounting	仲介手数料の勘定科目・仕訳・経費処理	トピック「会計処理」
252	仲介手数料 借主100	28	50	記事	Know（誰が負担するのかわからない）	支払い・負担者	article-12	/tools/brokerage/payment	仲介手数料はいつ誰が払う？	トピック「支払い・負担者」
253	仲介手数料 下限	45	90	記事	Know（手数料の上下限を知りたい）	費用の内訳	article-14	/tools/brokerage/breakdown	仲介手数料の内訳と料率	トピック「費用の内訳」
254	仲介手数料 管理費	25	90	記事	Know（手数料の計算ルールを知りたい）	賃料・管理費関連	article-04	/tools/brokerage/rental	賃貸の仲介手数料ガイド	トピック「賃料・管理費関連」
255	仲介手数料 会計処理	33	20	記事	Do（仕訳・勘定科目を調べたい）	その他（要確認）	article-09	/tools/brokerage/accounting	仲介手数料の勘定科目・仕訳・経費処理	その他 → article-09に振り分け
256	仲介手数料 かからない方法	46	70	記事	Do（手数料を払わずに済ませたい）	節約・回避	article-08	/tools/brokerage/discount	仲介手数料が安い不動産会社の選び方	トピック「節約・回避」
257	仲介手数料 管理費込み	N/A	0	削除						
258	仲介手数料 共益費	25	110	記事	Know（手数料の計算ルールを知りたい）	賃料・管理費関連	article-04	/tools/brokerage/rental	賃貸の仲介手数料ガイド	トピック「賃料・管理費関連」
259	仲介手数料 記載なし	26	20	記事	Know（無料の裏側・デメリットが不安）	無料の仕組み	article-02	/tools/brokerage/free	仲介手数料が無料のからくりとデメリット	トピック「無料の仕組み」
260	仲介手数料 共益費含む	30	40	記事	Know（手数料の計算ルールを知りたい）	賃料・管理費関連	article-04	/tools/brokerage/rental	賃貸の仲介手数料ガイド	トピック「賃料・管理費関連」
261	仲介手数料 キャッシュバック	19	20	記事	Buy（手数料を安くする方法を探したい）	安くする方法	article-08	/tools/brokerage/discount	仲介手数料が安い不動産会社の選び方	トピック「安くする方法」
262	仲介手数料 金額別	N/A	0	削除						
263	仲介手数料 規定	31	30	記事	Know（仲介手数料の仕組みを理解したい）	基礎解説（guide強化）	article-03	/tools/brokerage/about	仲介手数料とは？仕組みを分かりやすく解説	トピック「基礎解説（guide強化）」
264	仲介手数料 決まり	30	30	記事	Know（仲介手数料の仕組みを理解したい）	基礎解説（guide強化）	article-03	/tools/brokerage/about	仲介手数料とは？仕組みを分かりやすく解説	トピック「基礎解説（guide強化）」
265	仲介手数料 キャンペーン	24	50	記事	Know（支払い方法の選択肢を知りたい）	その他（要確認）	article-08	/tools/brokerage/discount	仲介手数料が安い不動産会社の選び方	その他 → article-08に振り分け
266	仲介手数料 共益費込み	N/A	10	記事	Know（手数料の計算ルールを知りたい）	賃料・管理費関連	article-04	/tools/brokerage/rental	賃貸の仲介手数料ガイド	トピック「賃料・管理費関連」
267	仲介手数料 拒否	44	10	記事	Do（手数料を払わずに済ませたい）	節約・回避	article-08	/tools/brokerage/discount	仲介手数料が安い不動産会社の選び方	トピック「節約・回避」
268	仲介手数料 繰延資産	28	90	記事	Know（資産計上の方法を知りたい）	会計処理	article-09	/tools/brokerage/accounting	仲介手数料の勘定科目・仕訳・経費処理	トピック「会計処理」
269	仲介手数料 クレジットカード	27	30	記事	Know（支払い方法の選択肢を知りたい）	その他（要確認）	article-12	/tools/brokerage/payment	仲介手数料はいつ誰が払う？	その他 → article-12に振り分け
270	仲介手数料 クレジット払い	N/A	0	削除						
271	仲介手数料 クレーム	32	10	記事	Know（請求された金額が違法でないか確認したい）	その他（要確認）	article-07	/tools/brokerage/law	仲介手数料の上限と法律	その他 → article-07に振り分け
272	仲介手数料 車	22	0	削除						
273	仲介手数料 区分	50	0	削除						
274	仲介手数料 繰延	N/A	0	削除						
275	仲介手数料 クーポン	N/A	0	削除						
276	仲介手数料 クーリングオフ	25	0	削除						
277	仲介手数料 クリーニング代	30	0	削除						
278	仲介手数料 経費	28	140	記事	Know（経費にできるか知りたい）	会計処理	article-09	/tools/brokerage/accounting	仲介手数料の勘定科目・仕訳・経費処理	トピック「会計処理」
279	仲介手数料 計上時期	24	30	記事	Know（計上時期・損金処理を知りたい）	会計処理	article-09	/tools/brokerage/accounting	仲介手数料の勘定科目・仕訳・経費処理	トピック「会計処理」
280	仲介手数料 契約書	47	50	記事	Know（契約・書類の手続きを知りたい）	契約・書類	article-15	/tools/brokerage/documents	仲介手数料の契約書・印紙・手付金	トピック「契約・書類」
281	仲介手数料 経費 個人事業主	53	50	記事	Know（経費にできるか知りたい）	会計処理	article-09	/tools/brokerage/accounting	仲介手数料の勘定科目・仕訳・経費処理	トピック「会計処理」
282	仲介手数料 戸建て	40	70	記事	Know（自分の物件タイプの手数料を知りたい）	物件タイプ別	article-10	/tools/brokerage/property-type	物件タイプ別の仲介手数料	トピック「物件タイプ別」
283	仲介手数料 国土交通省	44	50	記事	Know（法律上の上限ルールを確認したい）	法律・規制	article-07	/tools/brokerage/law	仲介手数料の上限と法律	トピック「法律・規制」
284	仲介手数料 告示	N/A	0	削除						
285	仲介手数料 交渉 不動産	46	0	削除						
286	仲介手数料 国税庁	65	10	記事	Know（税金の扱いを知りたい）	税金関連	article-11	/tools/brokerage/tax	仲介手数料の消費税・税金	トピック「税金関連」
287	仲介手数料 最低金額	28	140	記事	Know（手数料の上下限を知りたい）	費用の内訳	article-14	/tools/brokerage/breakdown	仲介手数料の内訳と料率	トピック「費用の内訳」
288	仲介手数料 最大	46	70	記事	Know（手数料の上下限を知りたい）	費用の内訳	article-14	/tools/brokerage/breakdown	仲介手数料の内訳と料率	トピック「費用の内訳」
289	仲介手数料 33万円 条件	N/A	0	削除						
290	仲介手数料 先払い	30	40	記事	Know（いつ・どう払うのかわからない）	支払い・負担者	article-12	/tools/brokerage/payment	仲介手数料はいつ誰が払う？	トピック「支払い・負担者」
291	仲介手数料 裁判	43	10	記事	Know（請求された金額が違法でないか確認したい）	その他（要確認）	article-07	/tools/brokerage/law	仲介手数料の上限と法律	その他 → article-07に振り分け
292	仲介手数料 下げる	45	20	記事	Do（手数料を値引き交渉したい）	交渉ガイド	article-06	/tools/brokerage/negotiation	仲介手数料の値引き交渉術【実体験】	トピック「交渉ガイド」
293	仲介手数料 支払調書	N/A	70	記事	Do（書類・帳票を作成したい）	会計処理	article-09	/tools/brokerage/accounting	仲介手数料の勘定科目・仕訳・経費処理	トピック「会計処理」
294	仲介手数料 取得価額	22	170	記事	Know（資産計上の方法を知りたい）	会計処理	article-09	/tools/brokerage/accounting	仲介手数料の勘定科目・仕訳・経費処理	トピック「会計処理」
295	仲介手数料 仕訳	34	210	記事	Do（仕訳・勘定科目を調べたい）	会計処理	article-09	/tools/brokerage/accounting	仲介手数料の勘定科目・仕訳・経費処理	トピック「会計処理」
296	仲介手数料 取得費	27	50	記事	Know（資産計上の方法を知りたい）	会計処理	article-09	/tools/brokerage/accounting	仲介手数料の勘定科目・仕訳・経費処理	トピック「会計処理」
297	仲介手数料 支払い時期	43	50	記事	Know（いつ・どう払うのかわからない）	その他（要確認）	article-12	/tools/brokerage/payment	仲介手数料はいつ誰が払う？	その他 → article-12に振り分け
298	仲介手数料 資産計上	29	70	記事	Know（資産計上の方法を知りたい）	会計処理	article-09	/tools/brokerage/accounting	仲介手数料の勘定科目・仕訳・経費処理	トピック「会計処理」
299	仲介手数料 シミュレーション	32	70	計算ページ	Do（正確な金額を計算したい）	（計算ページ）	pillar	/tools/brokerage	仲介手数料シミュレーター【2026最新】	計算ページ → ピラー
300	仲介手数料 取得価格	24	20	記事	Know（資産計上の方法を知りたい）	会計処理	article-09	/tools/brokerage/accounting	仲介手数料の勘定科目・仕訳・経費処理	トピック「会計処理」
301	仲介手数料 suumo	42	20	削除		ブランドKW				ブランドKW
302	仲介手数料 住友不動産	30	0	削除						
303	仲介手数料 少ない 不動産	45	40	記事	Know（不動産取引の手数料全体を知りたい）	不動産関連	article-08	/tools/brokerage/discount	仲介手数料が安い不動産会社の選び方	トピック「不動産関連」
304	仲介手数料 少ない	N/A	0	削除						
305	仲介手数料 住み替え	N/A	10	記事	Know（手数料の計算ルールを知りたい）	その他（要確認）	article-10	/tools/brokerage/property-type	物件タイプ別の仲介手数料	その他 → article-10に振り分け
306	仲介手数料 住友不動産販売	N/A	10	削除		ブランドKW				ブランドKW
307	不動産売却 仲介手数料 住まいソリューション サイト	26	0	削除						
308	不動産売却 仲介手数料 住まいソリューション相談	25	0	削除						
309	不動産 仲介手数料 suumo	N/A	0	削除						
310	不動産売却 仲介手数料 住まいソリューション	26	0	削除						
311	仲介手数料 正規	26	30	記事	Know（手数料の内訳が知りたい）	費用の内訳	article-14	/tools/brokerage/breakdown	仲介手数料の内訳と料率	トピック「費用の内訳」
312	仲介手数料 請求書	32	170	記事	Do（書類・帳票を作成したい）	会計処理	article-09	/tools/brokerage/accounting	仲介手数料の勘定科目・仕訳・経費処理	トピック「会計処理」
313	仲介手数料 折半	28	40	記事	Know（業界の仕組み・慣習を知りたい）	仕組み解説	article-03	/tools/brokerage/about	仲介手数料とは？仕組みを分かりやすく解説	トピック「仕組み解説」
314	仲介手数料 請求書 テンプレート	45	50	記事	Do（書類・帳票を作成したい）	会計処理	article-09	/tools/brokerage/accounting	仲介手数料の勘定科目・仕訳・経費処理	トピック「会計処理」
315	仲介手数料 成功報酬	29	10	記事	Know（支払い条件を確認したい）	その他（要確認）	article-03	/tools/brokerage/about	仲介手数料とは？仕組みを分かりやすく解説	その他 → article-03に振り分け
316	仲介手数料 センチュリー21	24	320	削除		ブランドKW				ブランドKW
317	仲介手数料 制限	N/A	0	削除						
318	仲介手数料 請求書 ひな形	N/A	30	記事	Do（書類・帳票を作成したい）	会計処理	article-09	/tools/brokerage/accounting	仲介手数料の勘定科目・仕訳・経費処理	トピック「会計処理」
319	仲介手数料 生活保護	26	10	記事	Know（特殊なケースの手数料を知りたい）	その他（要確認）	article-03	/tools/brokerage/about	仲介手数料とは？仕組みを分かりやすく解説	その他 → article-03に振り分け
320	仲介手数料 正規手数料	N/A	0	削除						
321	仲介手数料 損金	30	20	記事	Know（計上時期・損金処理を知りたい）	会計処理	article-09	/tools/brokerage/accounting	仲介手数料の勘定科目・仕訳・経費処理	トピック「会計処理」
322	仲介手数料 損金算入時期	23	20	記事	Know（計上時期・損金処理を知りたい）	会計処理	article-09	/tools/brokerage/accounting	仲介手数料の勘定科目・仕訳・経費処理	トピック「会計処理」
323	仲介手数料 速算式	25	90	計算ページ	Do（正確な金額を計算したい）	（計算ページ）	pillar	/tools/brokerage	仲介手数料シミュレーター【2026最新】	計算ページ → ピラー
324	仲介手数料 高い	36	210	記事	Do（高すぎる手数料に対処したい）	高い場合の対処	article-08	/tools/brokerage/discount	仲介手数料が安い不動産会社の選び方	トピック「高い場合の対処」
325	仲介手数料 宅建業法	29	480	記事	Know（法律上の上限ルールを確認したい）	法律・規制	article-07	/tools/brokerage/law	仲介手数料の上限と法律	トピック「法律・規制」
326	仲介手数料 高すぎる	36	110	記事	Do（高すぎる手数料に対処したい）	高い場合の対処	article-08	/tools/brokerage/discount	仲介手数料が安い不動産会社の選び方	トピック「高い場合の対処」
327	仲介手数料 誰が払う	42	70	記事	Know（誰が負担するのかわからない）	支払い・負担者	article-12	/tools/brokerage/payment	仲介手数料はいつ誰が払う？	トピック「支払い・負担者」
328	仲介手数料 建物消費税	28	70	記事	Know（消費税がかかるか確認したい）	消費税解説	article-11	/tools/brokerage/tax	仲介手数料の消費税・税金	トピック「消費税解説」
329	仲介手数料 宅建業法違反	N/A	0	削除						
330	仲介手数料 宅建	26	210	記事	Know（法律上の上限ルールを確認したい）	法律・規制	article-07	/tools/brokerage/law	仲介手数料の上限と法律	トピック「法律・規制」
331	仲介手数料 高い 不動産	43	30	記事	Know（不動産取引の手数料全体を知りたい）	不動産関連	article-08	/tools/brokerage/discount	仲介手数料が安い不動産会社の選び方	トピック「不動産関連」
332	仲介手数料 建物	50	20	記事	Know（手数料の計算ルールを知りたい）	その他（要確認）	article-10	/tools/brokerage/property-type	物件タイプ別の仲介手数料	その他 → article-10に振り分け
333	仲介手数料 建売	34	390	記事	Know（自分の物件タイプの手数料を知りたい）	物件タイプ別	article-10	/tools/brokerage/property-type	物件タイプ別の仲介手数料	トピック「物件タイプ別」
334	仲介手数料 中古マンション	34	1000	記事	Know（自分の物件タイプの手数料を知りたい）	物件タイプ別	article-10	/tools/brokerage/property-type	物件タイプ別の仲介手数料	トピック「物件タイプ別」
335	仲介手数料 長期前払費用	N/A	0	削除						
336	仲介手数料 駐車場代	26	70	記事	Know（自分の物件タイプの手数料を知りたい）	物件タイプ別	article-10	/tools/brokerage/property-type	物件タイプ別の仲介手数料	トピック「物件タイプ別」
337	仲介手数料 駐車場	34	590	記事	Know（自分の物件タイプの手数料を知りたい）	物件タイプ別	article-10	/tools/brokerage/property-type	物件タイプ別の仲介手数料	トピック「物件タイプ別」
338	仲介手数料 中古住宅	26	320	記事	Know（自分の物件タイプの手数料を知りたい）	物件タイプ別	article-10	/tools/brokerage/property-type	物件タイプ別の仲介手数料	トピック「物件タイプ別」
339	仲介手数料 月極駐車場	41	0	削除						
340	仲介手数料 常口アトム	25	0	削除						
341	仲介手数料 仕入税額控除	24	10	記事	Know（税金の扱いを知りたい）	税金関連	article-11	/tools/brokerage/tax	仲介手数料の消費税・税金	トピック「税金関連」
342	仲介手数料 通常	46	0	削除						
343	仲介手数料 月々	N/A	0	削除						
344	仲介手数料 月	45	0	削除						
345	仲介手数料 通達	N/A	0	削除						
346	仲介手数料 仕入	32	0	削除						
347	仲介手数料 通関	19	0	削除						
348	居住用賃貸建物 仲介手数料 仕入税額控除	32	20	記事	Know（税金の扱いを知りたい）	賃貸特化	article-04	/tools/brokerage/rental	賃貸の仲介手数料ガイド	トピック「賃貸特化」
349	仲介手数料 低廉な空き家	34	50	記事	Know（自分の物件タイプの手数料を知りたい）	物件タイプ別	article-10	/tools/brokerage/property-type	物件タイプ別の仲介手数料	トピック「物件タイプ別」
350	仲介手数料 定額	27	50	記事	Know（手数料の計算ルールを知りたい）	その他（要確認）	article-14	/tools/brokerage/breakdown	仲介手数料の内訳と料率	その他 → article-14に振り分け
351	仲介手数料 低廉	40	30	記事	Know（手数料の計算ルールを知りたい）	その他（要確認）	article-13	/tools/brokerage/reform-2024	2024年仲介手数料の法改正	その他 → article-13に振り分け
352	仲介手数料 手付金	33	50	記事	Know（契約・書類の手続きを知りたい）	契約・書類	article-15	/tools/brokerage/documents	仲介手数料の契約書・印紙・手付金	トピック「契約・書類」
353	仲介手数料 手付解除	27	20	記事	Know（契約・書類の手続きを知りたい）	契約・書類	article-15	/tools/brokerage/documents	仲介手数料の契約書・印紙・手付金	トピック「契約・書類」
354	仲介手数料 手数料	N/A	10	記事	Know（手数料の計算ルールを知りたい）	その他（要確認）	article-03	/tools/brokerage/about	仲介手数料とは？仕組みを分かりやすく解説	その他 → article-03に振り分け
355	仲介手数料 店舗	N/A	10	記事	Know（自分の物件タイプの手数料を知りたい）	物件タイプ別	article-10	/tools/brokerage/property-type	物件タイプ別の仲介手数料	トピック「物件タイプ別」
356	仲介手数料 低額	44	0	削除						
357	仲介手数料 定義	45	10	記事	Know（仲介手数料の仕組みを理解したい）	基礎解説（guide強化）	article-03	/tools/brokerage/about	仲介手数料とは？仕組みを分かりやすく解説	トピック「基礎解説（guide強化）」
358	仲介手数料 低廉 800万円	29	0	削除						
359	仲介手数料 とは	28	2400	記事	Know（仲介手数料の仕組みを理解したい）	基礎解説（guide強化）	article-03	/tools/brokerage/about	仲介手数料とは？仕組みを分かりやすく解説	トピック「基礎解説（guide強化）」
360	仲介手数料 土地	39	260	記事	Know（自分の物件タイプの手数料を知りたい）	物件タイプ別	article-10	/tools/brokerage/property-type	物件タイプ別の仲介手数料	トピック「物件タイプ別」
361	仲介手数料 特例	44	40	記事	Know（法改正が自分に影響するか知りたい）	その他（要確認）	article-13	/tools/brokerage/reform-2024	2024年仲介手数料の法改正	その他 → article-13に振り分け
362	仲介手数料 土地 計算	30	70	計算ページ	Do（正確な金額を計算したい）	（計算ページ）	pillar	/tools/brokerage	仲介手数料シミュレーター【2026最新】	計算ページ → ピラー
363	仲介手数料 東急リバブル	37	20	削除		ブランドKW				ブランドKW
364	仲介手数料 土地 消費税	27	30	記事	Know（消費税がかかるか確認したい）	消費税解説	article-11	/tools/brokerage/tax	仲介手数料の消費税・税金	トピック「消費税解説」
365	仲介手数料 土地建物 按分	28	40	記事	Know（自分の物件タイプの手数料を知りたい）	物件タイプ別	article-10	/tools/brokerage/property-type	物件タイプ別の仲介手数料	トピック「物件タイプ別」
366	仲介手数料 土地 取得価額	22	20	記事	Know（資産計上の方法を知りたい）	会計処理	article-09	/tools/brokerage/accounting	仲介手数料の勘定科目・仕訳・経費処理	トピック「会計処理」
367	仲介手数料 当方不払い	N/A	0	削除						
368	仲介手数料 土地購入	39	320	記事	Know（購入時の手数料を把握したい）	売買特化	article-05	/tools/brokerage/purchase	売買の仲介手数料ガイド	トピック「売買特化」
369	仲介手数料 なし 賃貸	25	590	記事	Know（賃貸で手数料を安くする方法を知りたい）	賃貸特化	article-04	/tools/brokerage/rental	賃貸の仲介手数料ガイド	トピック「賃貸特化」
370	仲介手数料 なし	35	480	記事	Know（無料の裏側・デメリットが不安）	無料の仕組み	article-02	/tools/brokerage/free	仲介手数料が無料のからくりとデメリット	トピック「無料の仕組み」
371	仲介手数料 何パーセント	43	90	記事	Know（手数料の計算ルールを知りたい）	費用の内訳	article-14	/tools/brokerage/breakdown	仲介手数料の内訳と料率	トピック「費用の内訳」
372	仲介手数料 なし 不動産	34	480	記事	Know（無料の不動産会社を探したい）	無料の仕組み	article-02	/tools/brokerage/free	仲介手数料が無料のからくりとデメリット	トピック「無料の仕組み」
373	仲介手数料 なくすには	48	40	記事	Do（手数料を払わずに済ませたい）	節約・回避	article-08	/tools/brokerage/discount	仲介手数料が安い不動産会社の選び方	トピック「節約・回避」
374	仲介手数料 何ヶ月分	45	40	記事	Know（手数料の計算ルールを知りたい）	その他（要確認）	article-04	/tools/brokerage/rental	賃貸の仲介手数料ガイド	その他 → article-04に振り分け
375	仲介手数料 なしにする方法	28	110	記事	Know（無料の裏側・デメリットが不安）	無料の仕組み	article-02	/tools/brokerage/free	仲介手数料が無料のからくりとデメリット	トピック「無料の仕組み」
376	仲介手数料 なぜ	N/A	10	記事	Know（手数料の計算ルールを知りたい）	その他（要確認）	article-03	/tools/brokerage/about	仲介手数料とは？仕組みを分かりやすく解説	その他 → article-03に振り分け
377	仲介手数料 なんj	23	0	削除						
378	仲介手数料 何回払う	44	0	削除						
379	仲介手数料 二重取り	20	30	記事	Know（業界の仕組み・慣習を知りたい）	仕組み解説	article-03	/tools/brokerage/about	仲介手数料とは？仕組みを分かりやすく解説	トピック「仕組み解説」
380	仲介手数料 二重	20	20	記事	Know（業界の仕組み・慣習を知りたい）	仕組み解説	article-03	/tools/brokerage/about	仲介手数料とは？仕組みを分かりやすく解説	トピック「仕組み解説」
381	仲介手数料 ニッショー	35	260	削除		ブランドKW				ブランドKW
382	仲介手数料 二ヶ月分	24	0	削除						
383	仲介手数料 20万円以上 国税庁	N/A	0	削除						
384	仲介手数料 抜き行為	27	10	記事	Know（業界の仕組み・慣習を知りたい）	業界の仕組み	article-03	/tools/brokerage/about	仲介手数料とは？仕組みを分かりやすく解説	トピック「業界の仕組み」
385	仲介手数料 値引き	37	210	記事	Do（手数料を値引き交渉したい）	交渉ガイド	article-06	/tools/brokerage/negotiation	仲介手数料の値引き交渉術【実体験】	トピック「交渉ガイド」
386	仲介手数料 値引き交渉	44	110	記事	Do（手数料を値引き交渉したい）	交渉ガイド	article-06	/tools/brokerage/negotiation	仲介手数料の値引き交渉術【実体験】	トピック「交渉ガイド」
387	仲介手数料 値切る	37	880	記事	Do（手数料を値引き交渉したい）	交渉ガイド	article-06	/tools/brokerage/negotiation	仲介手数料の値引き交渉術【実体験】	トピック「交渉ガイド」
388	仲介手数料 値切る客	35	1000	記事	Do（手数料を値引き交渉したい）	交渉ガイド	article-06	/tools/brokerage/negotiation	仲介手数料の値引き交渉術【実体験】	トピック「交渉ガイド」
389	仲介手数料 値下げ	43	40	記事	Do（手数料を値引き交渉したい）	交渉ガイド	article-06	/tools/brokerage/negotiation	仲介手数料の値引き交渉術【実体験】	トピック「交渉ガイド」
390	仲介手数料 値切り方	46	50	記事	Do（手数料を値引き交渉したい）	交渉ガイド	article-06	/tools/brokerage/negotiation	仲介手数料の値引き交渉術【実体験】	トピック「交渉ガイド」
391	仲介手数料 値切れるか	N/A	0	削除						
392	仲介手数料 値段	44	30	記事	Know（いくら払うのか相場を知りたい）	その他（要確認）	article-03	/tools/brokerage/about	仲介手数料とは？仕組みを分かりやすく解説	その他 → article-03に振り分け
393	仲介手数料 値切れる	28	880	記事	Do（手数料を値引き交渉したい）	交渉ガイド	article-06	/tools/brokerage/negotiation	仲介手数料の値引き交渉術【実体験】	トピック「交渉ガイド」
394	仲介手数料 値切る 賃貸	43	20	記事	Do（手数料を値引き交渉したい）	交渉ガイド	article-06	/tools/brokerage/negotiation	仲介手数料の値引き交渉術【実体験】	トピック「交渉ガイド」
395	仲介手数料 載ってない	41	0	削除						
396	仲介手数料 ノルマ	41	0	削除						
397	仲介手数料 野村不動産	45	0	削除						
398	仲介手数料 のれん	N/A	0	削除						
399	仲介手数料 農地	N/A	0	削除						
400	m&a 仲介手数料 のれん	N/A	0	削除						
401	野村不動産 仲介手数料 割引	29	70	削除		ブランドKW				ブランドKW
402	野村の仲介 仲介手数料	45	20	記事	Know（業界の仕組み・慣習を知りたい）	その他（要確認）	article-03	/tools/brokerage/about	仲介手数料とは？仕組みを分かりやすく解説	その他 → article-03に振り分け
403	野村 仲介手数料 割引	N/A	0	削除						
404	農地売買 仲介手数料	23	40	記事	Know（売買の手数料ルールを知りたい）	売買特化	article-05	/tools/brokerage/purchase	売買の仲介手数料ガイド	トピック「売買特化」
405	仲介手数料 半額	34	480	記事	Buy（手数料を安くする方法を探したい）	安くする方法	article-08	/tools/brokerage/discount	仲介手数料が安い不動産会社の選び方	トピック「安くする方法」
406	仲介手数料 半額 不動産	35	320	記事	Know（不動産取引の手数料全体を知りたい）	不動産関連	article-08	/tools/brokerage/discount	仲介手数料が安い不動産会社の選び方	トピック「不動産関連」
407	仲介手数料 払いたくない	34	140	記事	Do（手数料を払わずに済ませたい）	支払い・負担者	article-12	/tools/brokerage/payment	仲介手数料はいつ誰が払う？	トピック「支払い・負担者」
408	仲介手数料 払わなくていい	49	50	記事	Do（手数料を払わずに済ませたい）	支払い・負担者	article-12	/tools/brokerage/payment	仲介手数料はいつ誰が払う？	トピック「支払い・負担者」
409	仲介手数料 払うタイミング	45	40	記事	Know（いつ・どう払うのかわからない）	支払い・負担者	article-12	/tools/brokerage/payment	仲介手数料はいつ誰が払う？	トピック「支払い・負担者」
410	仲介手数料 半分	N/A	40	記事	Know（手数料の計算ルールを知りたい）	その他（要確認）	article-03	/tools/brokerage/about	仲介手数料とは？仕組みを分かりやすく解説	その他 → article-03に振り分け
411	仲介手数料 半金	26	30	記事	Know（手数料の計算ルールを知りたい）	その他（要確認）	article-12	/tools/brokerage/payment	仲介手数料はいつ誰が払う？	その他 → article-12に振り分け
412	仲介手数料 ハウスメイト	N/A	0	削除						
413	仲介手数料 費用計上	33	10	記事	Know（経費にできるか知りたい）	会計処理	article-09	/tools/brokerage/accounting	仲介手数料の勘定科目・仕訳・経費処理	トピック「会計処理」
414	仲介手数料 引き上げ	46	10	記事	Know（法改正が自分に影響するか知りたい）	その他（要確認）	article-13	/tools/brokerage/reform-2024	2024年仲介手数料の法改正	その他 → article-13に振り分け
415	仲介手数料 比較	32	50	記事	Buy（安い不動産会社を見つけたい）	比較・ランキング	article-08	/tools/brokerage/discount	仲介手数料が安い不動産会社の選び方	トピック「比較・ランキング」
416	仲介手数料 非課税	43	30	記事	Know（税金の扱いを知りたい）	税金関連	article-11	/tools/brokerage/tax	仲介手数料の消費税・税金	トピック「税金関連」
417	仲介手数料 100万円	43	10	計算ページ	Do（正確な金額を計算したい）	金額早見表	pillar	/tools/brokerage	仲介手数料シミュレーター【2026最新】	計算ページ → ピラー
418	仲介手数料 必要経費	32	10	記事	Know（経費にできるか知りたい）	会計処理	article-09	/tools/brokerage/accounting	仲介手数料の勘定科目・仕訳・経費処理	トピック「会計処理」
419	仲介手数料 必要	43	10	記事	Do（手数料を払わずに済ませたい）	節約・回避	article-08	/tools/brokerage/discount	仲介手数料が安い不動産会社の選び方	トピック「節約・回避」
420	仲介手数料 100万円以下	42	30	計算ページ	Do（正確な金額を計算したい）	金額早見表	pillar	/tools/brokerage	仲介手数料シミュレーター【2026最新】	計算ページ → ピラー
421	仲介手数料 費用	47	10	記事	Know（手数料の計算ルールを知りたい）	費用の内訳	article-14	/tools/brokerage/breakdown	仲介手数料の内訳と料率	トピック「費用の内訳」
422	仲介手数料 非課税業者	N/A	10	記事	Know（税金の扱いを知りたい）	税金関連	article-11	/tools/brokerage/tax	仲介手数料の消費税・税金	トピック「税金関連」
423	仲介手数料 不動産売買 計算	31	10	計算ページ	Do（正確な金額を計算したい）	（計算ページ）	pillar	/tools/brokerage	仲介手数料シミュレーター【2026最新】	計算ページ → ピラー
424	仲介手数料 不動産売却	40	880	記事	Know（売却時の手数料を把握したい）	売買特化	article-05	/tools/brokerage/purchase	売買の仲介手数料ガイド	トピック「売買特化」
425	仲介手数料 不要	34	90	記事	Do（手数料を払わずに済ませたい）	節約・回避	article-08	/tools/brokerage/discount	仲介手数料が安い不動産会社の選び方	トピック「節約・回避」
426	仲介手数料 平均	31	170	記事	Know（いくら払うのか相場を知りたい）	相場ガイド	article-01	/tools/brokerage/market-rate	仲介手数料の相場【物件タイプ別】	トピック「相場ガイド」
427	仲介手数料 変更	22	40	記事	Know（法改正が自分に影響するか知りたい）	その他（要確認）	article-13	/tools/brokerage/reform-2024	2024年仲介手数料の法改正	その他 → article-13に振り分け
428	仲介手数料 返金	28	50	記事	Do（払った手数料を取り戻したい）	支払い・負担者	article-12	/tools/brokerage/payment	仲介手数料はいつ誰が払う？	トピック「支払い・負担者」
429	仲介手数料 減らす方法	N/A	0	削除						
430	仲介手数料 平均 賃貸	N/A	10	記事	Know（いくら払うのか相場を知りたい）	相場ガイド	article-01	/tools/brokerage/market-rate	仲介手数料の相場【物件タイプ別】	トピック「相場ガイド」
431	仲介手数料 返還請求	29	10	記事	Do（払った手数料を取り戻したい）	支払い・負担者	article-12	/tools/brokerage/payment	仲介手数料はいつ誰が払う？	トピック「支払い・負担者」
432	仲介手数料 法律	26	390	記事	Know（法律上の上限ルールを確認したい）	法律・規制	article-07	/tools/brokerage/law	仲介手数料の上限と法律	トピック「法律・規制」
433	仲介手数料 法律 上限	24	110	記事	Know（法律上の上限ルールを確認したい）	法律・規制	article-07	/tools/brokerage/law	仲介手数料の上限と法律	トピック「法律・規制」
434	仲介手数料 法改正	34	70	記事	Know（法律上の上限ルールを確認したい）	法律・規制	article-07	/tools/brokerage/law	仲介手数料の上限と法律	トピック「法律・規制」
435	仲介手数料 本体価格	N/A	0	削除						
436	仲介手数料 法定	46	40	記事	Know（法律上の上限ルールを確認したい）	法律・規制	article-07	/tools/brokerage/law	仲介手数料の上限と法律	トピック「法律・規制」
437	仲介手数料 法定調書	33	30	記事	Know（法律上の上限ルールを確認したい）	法律・規制	article-07	/tools/brokerage/law	仲介手数料の上限と法律	トピック「法律・規制」
438	仲介手数料 法定手数料	N/A	0	削除						
439	仲介手数料 報酬額	46	30	記事	Know（手数料の計算ルールを知りたい）	その他（要確認）	article-14	/tools/brokerage/breakdown	仲介手数料の内訳と料率	その他 → article-14に振り分け
440	仲介手数料 法人税	N/A	10	記事	Know（税金の扱いを知りたい）	税金関連	article-11	/tools/brokerage/tax	仲介手数料の消費税・税金	トピック「税金関連」
441	仲介手数料 ホームメイト	34	480	削除		ブランドKW				ブランドKW
442	仲介手数料 マンション	26	590	記事	Know（自分の物件タイプの手数料を知りたい）	物件タイプ別	article-10	/tools/brokerage/property-type	物件タイプ別の仲介手数料	トピック「物件タイプ別」
443	仲介手数料 満額	50	20	記事	Know（手数料の計算ルールを知りたい）	その他（要確認）	article-14	/tools/brokerage/breakdown	仲介手数料の内訳と料率	その他 → article-14に振り分け
444	仲介手数料 毎月払う	30	20	記事	Know（いつ・どう払うのかわからない）	支払い・負担者	article-12	/tools/brokerage/payment	仲介手数料はいつ誰が払う？	トピック「支払い・負担者」
445	仲介手数料 マンション売却	38	720	記事	Know（売却時の手数料を把握したい）	売買特化	article-05	/tools/brokerage/purchase	売買の仲介手数料ガイド	トピック「売買特化」
446	仲介手数料 マンション購入	25	260	記事	Know（購入時の手数料を把握したい）	売買特化	article-05	/tools/brokerage/purchase	売買の仲介手数料ガイド	トピック「売買特化」
447	仲介手数料 マックス	44	0	削除						
448	仲介手数料 前払い	28	20	記事	Know（前払費用の処理を知りたい）	会計処理	article-09	/tools/brokerage/accounting	仲介手数料の勘定科目・仕訳・経費処理	トピック「会計処理」
449	仲介手数料 前払費用	32	10	記事	Know（前払費用の処理を知りたい）	会計処理	article-09	/tools/brokerage/accounting	仲介手数料の勘定科目・仕訳・経費処理	トピック「会計処理」
450	仲介手数料 マージン	42	0	削除						
451	仲介手数料 満額とは	N/A	0	削除						
452	仲介手数料 三井のリハウス	34	260	削除		ブランドKW				ブランドKW
453	仲介手数料 ミニミニ	34	1600	削除		ブランドKW				ブランドKW
454	仲介手数料 見積書	22	20	記事	Do（請求された手数料が正しいか確認したい）	確認方法	article-12	/tools/brokerage/payment	仲介手数料はいつ誰が払う？	トピック「確認方法」
455	仲介手数料 見方	41	0	削除						
456	仲介手数料 未払い	41	10	記事	Know（いつ・どう払うのかわからない）	その他（要確認）	article-07	/tools/brokerage/law	仲介手数料の上限と法律	その他 → article-07に振り分け
457	仲介手数料 無料	34	4400	記事	Know（無料の裏側・デメリットが不安）	無料の仕組み	article-02	/tools/brokerage/free	仲介手数料が無料のからくりとデメリット	トピック「無料の仕組み」
458	仲介手数料 無料 不動産	26	1300	記事	Know（無料の不動産会社を探したい）	無料の仕組み	article-02	/tools/brokerage/free	仲介手数料が無料のからくりとデメリット	トピック「無料の仕組み」
459	仲介手数料 無料 賃貸	34	1900	記事	Know（賃貸で手数料を安くする方法を知りたい）	賃貸特化	article-04	/tools/brokerage/rental	賃貸の仲介手数料ガイド	トピック「賃貸特化」
460	仲介手数料 無料 なぜ	34	480	記事	Know（無料の裏側・デメリットが不安）	無料の仕組み	article-02	/tools/brokerage/free	仲介手数料が無料のからくりとデメリット	トピック「無料の仕組み」
461	仲介手数料 無料 からくり	34	880	記事	Know（無料の裏側・デメリットが不安）	無料の仕組み	article-02	/tools/brokerage/free	仲介手数料が無料のからくりとデメリット	トピック「無料の仕組み」
462	仲介手数料 無料 不動産 賃貸	25	90	記事	Know（賃貸で手数料を安くする方法を知りたい）	賃貸特化	article-04	/tools/brokerage/rental	賃貸の仲介手数料ガイド	トピック「賃貸特化」
463	仲介手数料 無料 サイト	19	140	記事	Know（無料の不動産会社を探したい）	無料の仕組み	article-02	/tools/brokerage/free	仲介手数料が無料のからくりとデメリット	トピック「無料の仕組み」
464	仲介手数料 無料 デメリット	34	480	記事	Know（無料の裏側・デメリットが不安）	無料の仕組み	article-02	/tools/brokerage/free	仲介手数料が無料のからくりとデメリット	トピック「無料の仕組み」
465	仲介手数料 無料にする方法	49	20	記事	Know（無料の裏側・デメリットが不安）	無料の仕組み	article-02	/tools/brokerage/free	仲介手数料が無料のからくりとデメリット	トピック「無料の仕組み」
466	仲介手数料 無料 東京	20	170	削除		地域KW				地域KW
467	仲介手数料 目安	41	40	記事	Know（いくら払うのか相場を知りたい）	相場ガイド	article-01	/tools/brokerage/market-rate	仲介手数料の相場【物件タイプ別】	トピック「相場ガイド」
468	仲介手数料 免税業者	25	10	記事	Know（税金の扱いを知りたい）	税金関連	article-11	/tools/brokerage/tax	仲介手数料の消費税・税金	トピック「税金関連」
469	仲介手数料 名義変更	29	0	削除						
470	仲介手数料 免除	45	0	削除						
471	仲介手数料 メリット	30	10	記事	Know（手数料の計算ルールを知りたい）	その他（要確認）	article-03	/tools/brokerage/about	仲介手数料とは？仕組みを分かりやすく解説	その他 → article-03に振り分け
472	仲介手数料 名目	N/A	0	削除						
473	仲介手数料 明細書	32	0	削除						
474	仲介手数料 免許	N/A	0	削除						
475	仲介手数料 免税	26	0	削除						
476	仲介手数料 メリット デメリット	33	0	削除						
477	仲介手数料 元付 客付	41	0	削除						
478	仲介手数料 求め方	30	30	記事	Know（手数料の計算ルールを知りたい）	その他（要確認）	article-03	/tools/brokerage/about	仲介手数料とは？仕組みを分かりやすく解説	その他 → article-03に振り分け
479	仲介手数料 両手取り	40	10	記事	Know（業界の仕組み・慣習を知りたい）	仕組み解説	article-03	/tools/brokerage/about	仲介手数料とは？仕組みを分かりやすく解説	トピック「仕組み解説」
480	仲介手数料 申込金	24	0	削除						
481	仲介手数料 申し込み後 交渉	48	10	記事	Do（手数料を値引き交渉したい）	交渉ガイド	article-06	/tools/brokerage/negotiation	仲介手数料の値引き交渉術【実体験】	トピック「交渉ガイド」
482	仲介手数料 戻ってくる	29	0	削除						
483	仲介手数料 安くする方法	37	140	記事	Do（手数料を値引き交渉したい）	交渉ガイド	article-06	/tools/brokerage/negotiation	仲介手数料の値引き交渉術【実体験】	トピック「交渉ガイド」
484	仲介手数料 安い	40	260	記事	Buy（手数料を安くする方法を探したい）	安くする方法	article-08	/tools/brokerage/discount	仲介手数料が安い不動産会社の選び方	トピック「安くする方法」
485	仲介手数料 安くする	39	170	記事	Do（手数料を値引き交渉したい）	交渉ガイド	article-06	/tools/brokerage/negotiation	仲介手数料の値引き交渉術【実体験】	トピック「交渉ガイド」
486	仲介手数料 家賃	37	210	記事	Know（手数料の計算ルールを知りたい）	賃料・管理費関連	article-04	/tools/brokerage/rental	賃貸の仲介手数料ガイド	トピック「賃料・管理費関連」
487	仲介手数料 安い 賃貸	25	210	記事	Know（賃貸で手数料を安くする方法を知りたい）	賃貸特化	article-04	/tools/brokerage/rental	賃貸の仲介手数料ガイド	トピック「賃貸特化」
488	仲介手数料 家賃より高い	44	70	記事	Do（高すぎる手数料に対処したい）	高い場合の対処	article-08	/tools/brokerage/discount	仲介手数料が安い不動産会社の選び方	トピック「高い場合の対処」
489	仲介手数料 家賃の半分	45	30	記事	Know（手数料の計算ルールを知りたい）	賃料・管理費関連	article-04	/tools/brokerage/rental	賃貸の仲介手数料ガイド	トピック「賃料・管理費関連」
490	仲介手数料 安いところ	46	50	記事	Buy（手数料を安くする方法を探したい）	安くする方法	article-08	/tools/brokerage/discount	仲介手数料が安い不動産会社の選び方	トピック「安くする方法」
491	仲介手数料 融資	N/A	10	記事	Know（特殊なケースの手数料を知りたい）	その他（要確認）	article-12	/tools/brokerage/payment	仲介手数料はいつ誰が払う？	その他 → article-12に振り分け
492	仲介手数料 輸出免税	27	0	削除						
493	仲介手数料 輸入	17	0	削除						
494	仲介手数料 友人	23	0	削除						
495	仲介手数料 輸入申告	N/A	0	削除						
496	ゆーみーらいふ 仲介手数料	N/A	0	削除						
497	ユニライフ 仲介手数料	34	30	削除		ブランドKW				ブランドKW
498	ユニライフ 仲介手数料 いくら	34	10	削除		ブランドKW				ブランドKW
499	融資利用の特約による解除 仲介手数料	22	0	削除						
500	ユウキホーム 仲介手数料	21	10	記事	Know（特定会社の手数料を知りたい）	その他（要確認）	article-03	/tools/brokerage/about	仲介手数料とは？仕組みを分かりやすく解説	その他 → article-03に振り分け
501	仲介手数料 読み方	24	90	記事	Know（仲介手数料の仕組みを理解したい）	基礎解説（guide強化）	article-03	/tools/brokerage/about	仲介手数料とは？仕組みを分かりやすく解説	トピック「基礎解説（guide強化）」
502	仲介手数料 ランキング	50	30	記事	Buy（安い不動産会社を見つけたい）	比較・ランキング	article-08	/tools/brokerage/discount	仲介手数料が安い不動産会社の選び方	トピック「比較・ランキング」
503	仲介手数料 ランキング 不動産	N/A	0	削除						
504	仲介手数料 ランキング 賃貸	51	0	削除						
505	仲介手数料 無料 ライン	N/A	0	削除						
506	ラキア不動産 仲介手数料	N/A	0	削除						
507	ラテルーム 仲介手数料	34	50	削除		ブランドKW				ブランドKW
508	ライフルホームズ 仲介手数料	38	0	削除						
509	ライフハウジング 仲介手数料	15	10	記事	Know（特定会社の手数料を知りたい）	その他（要確認）	article-03	/tools/brokerage/about	仲介手数料とは？仕組みを分かりやすく解説	その他 → article-03に振り分け
510	ライフクリエイト 仲介手数料	13	10	記事	Know（特定会社の手数料を知りたい）	その他（要確認）	article-03	/tools/brokerage/about	仲介手数料とは？仕組みを分かりやすく解説	その他 → article-03に振り分け
511	ラックハウジング 仲介手数料	17	20	削除		ブランドKW				ブランドKW
512	仲介手数料 領収書 印紙	33	140	記事	Do（書類・帳票を作成したい）	会計処理	article-09	/tools/brokerage/accounting	仲介手数料の勘定科目・仕訳・経費処理	トピック「会計処理」
513	仲介手数料 両手	25	110	記事	Know（業界の仕組み・慣習を知りたい）	仕組み解説	article-03	/tools/brokerage/about	仲介手数料とは？仕組みを分かりやすく解説	トピック「仕組み解説」
514	仲介手数料 領収書	25	170	記事	Do（書類・帳票を作成したい）	会計処理	article-09	/tools/brokerage/accounting	仲介手数料の勘定科目・仕訳・経費処理	トピック「会計処理」
515	仲介手数料 両手 違法	39	90	記事	Know（法律上の上限ルールを確認したい）	法律・規制	article-07	/tools/brokerage/law	仲介手数料の上限と法律	トピック「法律・規制」
516	仲介手数料 両手とは	41	20	記事	Know（仲介手数料の仕組みを理解したい）	基礎解説（guide強化）	article-03	/tools/brokerage/about	仲介手数料とは？仕組みを分かりやすく解説	トピック「基礎解説（guide強化）」
517	仲介手数料 両手 上限	42	50	記事	Know（法律上の上限ルールを確認したい）	法律・規制	article-07	/tools/brokerage/law	仲介手数料の上限と法律	トピック「法律・規制」
518	仲介手数料 両方から	42	0	削除						
519	仲介手数料 率	42	40	記事	Know（手数料の計算ルールを知りたい）	費用の内訳	article-14	/tools/brokerage/breakdown	仲介手数料の内訳と料率	トピック「費用の内訳」
520	仲介手数料 領収書 但し書き	31	20	記事	Do（書類・帳票を作成したい）	会計処理	article-09	/tools/brokerage/accounting	仲介手数料の勘定科目・仕訳・経費処理	トピック「会計処理」
521	仲介手数料 料率	47	10	記事	Know（手数料の計算ルールを知りたい）	費用の内訳	article-14	/tools/brokerage/breakdown	仲介手数料の内訳と料率	トピック「費用の内訳」
522	仲介手数料 ルール	30	20	記事	Know（仲介手数料の仕組みを理解したい）	基礎解説（guide強化）	article-03	/tools/brokerage/about	仲介手数料とは？仕組みを分かりやすく解説	トピック「基礎解説（guide強化）」
523	不動産 仲介手数料 ルール	N/A	0	削除						
524	賃貸 仲介手数料 ルール	N/A	0	削除						
525	ルームコア 仲介手数料	24	50	削除		ブランドKW				ブランドKW
526	ルームワン 仲介手数料	15	50	削除		ブランドKW				ブランドKW
527	ルームセレクト 仲介手数料 いくら	33	40	削除		ブランドKW				ブランドKW
528	ルームコネクト 仲介手数料	N/A	0	削除						
529	ルームピア 仲介手数料	14	30	削除		ブランドKW				ブランドKW
530	ルームズ賃貸 仲介手数料	23	30	削除		ブランドKW				ブランドKW
531	ルームセレクト 仲介手数料	47	10	削除		ブランドKW				ブランドKW
532	仲介手数料 礼金	42	50	記事	Know（初期費用の全体像を把握したい）	初期費用比較	article-14	/tools/brokerage/breakdown	仲介手数料の内訳と料率	トピック「初期費用比較」
533	仲介手数料 礼金 違い	22	320	記事	Know（初期費用の全体像を把握したい）	初期費用比較	article-14	/tools/brokerage/breakdown	仲介手数料の内訳と料率	トピック「初期費用比較」
534	仲介手数料 礼金 交渉	47	40	記事	Do（手数料を値引き交渉したい）	交渉ガイド	article-06	/tools/brokerage/negotiation	仲介手数料の値引き交渉術【実体験】	トピック「交渉ガイド」
535	仲介手数料 廉価	42	0	削除						
536	仲介手数料 〇円	N/A	0	削除						
537	仲介手数料 礼金 無料	26	10	記事	Know（無料の裏側・デメリットが不安）	無料の仕組み	article-02	/tools/brokerage/free	仲介手数料が無料のからくりとデメリット	トピック「無料の仕組み」
538	仲介手数料 礼金 なし	N/A	0	削除						
539	仲介手数料 礼金 別	N/A	0	削除						
540	仲介手数料 レオパレス	N/A	0	削除						
541	仲介手数料 例	45	0	削除						
542	仲介手数料 ローン	30	90	記事	Know（ローンに手数料を含められるか知りたい）	ローン関連	article-12	/tools/brokerage/payment	仲介手数料はいつ誰が払う？	トピック「ローン関連」
543	仲介手数料 6万円とは	N/A	20	計算ページ	Do（正確な金額を計算したい）	金額早見表	pillar	/tools/brokerage	仲介手数料シミュレーター【2026最新】	計算ページ → ピラー
544	仲介手数料 ローンに組み込む	29	110	記事	Know（支払い方法の選択肢を知りたい）	支払い・負担者	article-12	/tools/brokerage/payment	仲介手数料はいつ誰が払う？	トピック「支払い・負担者」
545	仲介手数料 ローン特約	20	10	記事	Know（ローンに手数料を含められるか知りたい）	ローン関連	article-12	/tools/brokerage/payment	仲介手数料はいつ誰が払う？	トピック「ローン関連」
546	仲介手数料 ローン手数料	N/A	0	削除						
547	仲介手数料 分かれとは	N/A	90	記事	Know（仲介手数料の仕組みを理解したい）	基礎解説（guide強化）	article-03	/tools/brokerage/about	仲介手数料とは？仕組みを分かりやすく解説	トピック「基礎解説（guide強化）」
548	仲介手数料 割引	27	140	記事	Buy（手数料を安くする方法を探したい）	安くする方法	article-08	/tools/brokerage/discount	仲介手数料が安い不動産会社の選び方	トピック「安くする方法」
549	仲介手数料 割引 交渉	43	20	記事	Do（手数料を値引き交渉したい）	交渉ガイド	article-06	/tools/brokerage/negotiation	仲介手数料の値引き交渉術【実体験】	トピック「交渉ガイド」
550	仲介手数料 分かれ	23	90	記事	Know（業界の仕組み・慣習を知りたい）	仕組み解説	article-03	/tools/brokerage/about	仲介手数料とは？仕組みを分かりやすく解説	トピック「仕組み解説」
551	仲介手数料 割合	42	50	記事	Know（手数料の計算ルールを知りたい）	費用の内訳	article-14	/tools/brokerage/breakdown	仲介手数料の内訳と料率	トピック「費用の内訳」
552	仲介手数料 割引 不動産	44	50	記事	Know（不動産取引の手数料全体を知りたい）	不動産関連	article-08	/tools/brokerage/discount	仲介手数料が安い不動産会社の選び方	トピック「不動産関連」
553	仲介手数料 割引 キャンペーン	N/A	0	削除						
554	仲介手数料 分かれ 片手	N/A	0	削除						
555	仲介手数料 割引 賃貸	30	30	記事	Know（賃貸の手数料ルールを知りたい）	賃貸特化	article-04	/tools/brokerage/rental	賃貸の仲介手数料ガイド	トピック「賃貸特化」
556	仲介手数料 分かれ 賃貸	28	0	削除						
557	ntt 仲介手数料	N/A	0	削除						
558	仲介手数料 ガイドライン	42	30	記事	Know（法律上の上限ルールを確認したい）	その他（要確認）	article-13	/tools/brokerage/reform-2024	2024年仲介手数料の法改正	その他 → article-13に振り分け
559	仲介手数料 会社によって違う	24	10	記事	Know（手数料の計算ルールを知りたい）	その他（要確認）	article-03	/tools/brokerage/about	仲介手数料とは？仕組みを分かりやすく解説	その他 → article-03に振り分け
560	仲介手数料 額	N/A	10	記事	Know（手数料の計算ルールを知りたい）	その他（要確認）	article-03	/tools/brokerage/about	仲介手数料とは？仕組みを分かりやすく解説	その他 → article-03に振り分け
561	仲介手数料 概算	30	0	削除						
562	仲介手数料 買付手数料 違い	N/A	0	削除						
563	仲介手数料 学長	N/A	0	削除						
564	仲介手数料 学割	N/A	0	削除						
565	仲介手数料 外形標準課税	N/A	0	削除						
566	仲介手数料 ガイドライン 賃貸	N/A	0	削除						
567	エイブル 仲介手数料 学割	N/A	10	削除		ブランドKW				ブランドKW
568	仲介手数料 業務委託料	19	10	記事	Know（業界の仕組み・慣習を知りたい）	業界の仕組み	article-03	/tools/brokerage/about	仲介手数料とは？仕組みを分かりやすく解説	トピック「業界の仕組み」
569	仲介手数料 義務	N/A	10	記事	Know（法律上の上限ルールを確認したい）	その他（要確認）	article-07	/tools/brokerage/law	仲介手数料の上限と法律	その他 → article-07に振り分け
570	仲介手数料 業法	30	10	記事	Know（法律上の上限ルールを確認したい）	法律・規制	article-07	/tools/brokerage/law	仲介手数料の上限と法律	トピック「法律・規制」
571	仲介手数料 業者売主	N/A	10	記事	Know（売主・買主どちらが負担するか知りたい）	売買特化	article-05	/tools/brokerage/purchase	売買の仲介手数料ガイド	トピック「売買特化」
572	仲介手数料 業者間	30	10	記事	Know（業界の仕組み・慣習を知りたい）	業界の仕組み	article-03	/tools/brokerage/about	仲介手数料とは？仕組みを分かりやすく解説	トピック「業界の仕組み」
573	仲介手数料 逆算	33	0	削除						
574	仲介手数料 業法違反	25	0	削除						
575	仲介手数料 決め方	43	0	削除						
576	仲介手数料 業務委託料 違法	N/A	0	削除						
577	仲介手数料 業務委託料 違い	18	20	記事	Know（業界の仕組み・慣習を知りたい）	業界の仕組み	article-03	/tools/brokerage/about	仲介手数料とは？仕組みを分かりやすく解説	トピック「業界の仕組み」
578	仲介手数料 グループ会社	29	0	削除						
579	グランドネクスト不動産 仲介手数料	41	20	削除		ブランドKW				ブランドKW
580	グランデ 仲介手数料	23	0	削除						
581	グランディハウス 仲介手数料	30	10	削除		ブランドKW				ブランドKW
582	グランツエステート 仲介手数料	19	0	削除						
583	グランホームズ 明石 仲介手数料	N/A	0	削除						
584	グールーム 仲介手数料	34	20	削除		ブランドKW				ブランドKW
585	グッドリビング 仲介手数料	24	0	削除						
586	グッドルーム 仲介手数料	40	10	削除		ブランドKW				ブランドKW
587	グローバルセンター 仲介手数料	34	0	削除						
588	仲介手数料 減価償却	32	50	記事	Know（資産計上の方法を知りたい）	会計処理	article-09	/tools/brokerage/accounting	仲介手数料の勘定科目・仕訳・経費処理	トピック「会計処理」
589	仲介手数料 原則	41	30	記事	Know（手数料の計算ルールを知りたい）	その他（要確認）	article-07	/tools/brokerage/law	仲介手数料の上限と法律	その他 → article-07に振り分け
590	仲介手数料 減額	47	30	記事	Do（手数料を値引き交渉したい）	交渉ガイド	article-06	/tools/brokerage/negotiation	仲介手数料の値引き交渉術【実体験】	トピック「交渉ガイド」
591	仲介手数料 減額交渉	N/A	10	記事	Do（手数料を値引き交渉したい）	交渉ガイド	article-06	/tools/brokerage/negotiation	仲介手数料の値引き交渉術【実体験】	トピック「交渉ガイド」
592	仲介手数料 限度額	45	40	記事	Know（手数料の計算ルールを知りたい）	その他（要確認）	article-14	/tools/brokerage/breakdown	仲介手数料の内訳と料率	その他 → article-14に振り分け
593	仲介手数料 現金	46	30	記事	Know（いつ・どう払うのかわからない）	その他（要確認）	article-12	/tools/brokerage/payment	仲介手数料はいつ誰が払う？	その他 → article-12に振り分け
594	仲介手数料 原価	N/A	10	記事	Do（仕訳・勘定科目を調べたい）	その他（要確認）	article-09	/tools/brokerage/accounting	仲介手数料の勘定科目・仕訳・経費処理	その他 → article-09に振り分け
595	仲介手数料 源泉徴収	30	10	記事	Do（仕訳・勘定科目を調べたい）	その他（要確認）	article-09	/tools/brokerage/accounting	仲介手数料の勘定科目・仕訳・経費処理	その他 → article-09に振り分け
596	仲介手数料 限度	43	20	記事	Know（手数料の計算ルールを知りたい）	その他（要確認）	article-14	/tools/brokerage/breakdown	仲介手数料の内訳と料率	その他 → article-14に振り分け
597	仲介手数料 現金払い	N/A	0	削除						
598	仲介手数料 後払い	32	20	記事	Know（いつ・どう払うのかわからない）	支払い・負担者	article-12	/tools/brokerage/payment	仲介手数料はいつ誰が払う？	トピック「支払い・負担者」
599	仲介手数料 雑費	50	0	削除						
600	仲介手数料 勘定科目 雑費	56	10	記事	Do（仕訳・勘定科目を調べたい）	会計処理	article-09	/tools/brokerage/accounting	仲介手数料の勘定科目・仕訳・経費処理	トピック「会計処理」
601	財産分与 不動産 仲介手数料	23	0	削除						
602	雑種地 仲介手数料	N/A	0	削除						
603	仲介手数料 住宅ローン	31	210	記事	Know（ローンに手数料を含められるか知りたい）	ローン関連	article-12	/tools/brokerage/payment	仲介手数料はいつ誰が払う？	トピック「ローン関連」
604	仲介手数料 事務手数料	21	20	記事	Know（業界の仕組み・慣習を知りたい）	その他（要確認）	article-03	/tools/brokerage/about	仲介手数料とは？仕組みを分かりやすく解説	その他 → article-03に振り分け
605	仲介手数料 10万	42	20	計算ページ	Do（正確な金額を計算したい）	金額早見表	pillar	/tools/brokerage	仲介手数料シミュレーター【2026最新】	計算ページ → ピラー
606	仲介手数料 自動計算	33	40	計算ページ	Do（正確な金額を計算したい）	（計算ページ）	pillar	/tools/brokerage	仲介手数料シミュレーター【2026最新】	計算ページ → ピラー
607	仲介手数料 譲渡費用	30	10	記事	Know（手数料の計算ルールを知りたい）	費用の内訳	article-14	/tools/brokerage/breakdown	仲介手数料の内訳と料率	トピック「費用の内訳」
608	仲介手数料 自社管理物件	N/A	0	削除						
609	仲介手数料 図	42	0	削除						
610	住む → ズ 仲介手数料	N/A	0	削除						
611	仲介手数料 税金	27	170	記事	Know（税金の扱いを知りたい）	税金関連	article-11	/tools/brokerage/tax	仲介手数料の消費税・税金	トピック「税金関連」
612	仲介手数料 税込	41	70	記事	Know（税金の扱いを知りたい）	税金関連	article-11	/tools/brokerage/tax	仲介手数料の消費税・税金	トピック「税金関連」
613	仲介手数料 ゼロ	34	170	記事	Know（無料の裏側・デメリットが不安）	無料の仕組み	article-02	/tools/brokerage/free	仲介手数料が無料のからくりとデメリット	トピック「無料の仕組み」
614	仲介手数料 ゼロ 不動産	23	90	記事	Know（無料の不動産会社を探したい）	無料の仕組み	article-02	/tools/brokerage/free	仲介手数料が無料のからくりとデメリット	トピック「無料の仕組み」
615	仲介手数料 税別	28	0	削除						
616	仲介手数料 税金かかる	44	20	記事	Know（税金の扱いを知りたい）	税金関連	article-11	/tools/brokerage/tax	仲介手数料の消費税・税金	トピック「税金関連」
617	仲介手数料 税抜	N/A	0	削除						
618	仲介手数料 税率	44	10	記事	Know（税金の扱いを知りたい）	税金関連	article-11	/tools/brokerage/tax	仲介手数料の消費税・税金	トピック「税金関連」
619	仲介手数料 税	27	170	記事	Know（税金の扱いを知りたい）	税金関連	article-11	/tools/brokerage/tax	仲介手数料の消費税・税金	トピック「税金関連」
620	仲介手数料 ゼロにする	44	0	削除						
621	仲介手数料 贈与税	N/A	0	削除						
622	仲介手数料 増額	30	0	削除						
623	仲介手数料 贈与	27	0	削除						
624	不動産 仲介手数料 贈与	27	0	削除						
625	造作譲渡 仲介手数料	21	20	記事	Know（手数料の計算ルールを知りたい）	その他（要確認）	article-03	/tools/brokerage/about	仲介手数料とは？仕組みを分かりやすく解説	その他 → article-03に振り分け
626	贈与契約 仲介手数料	N/A	0	削除						
627	仲介手数料 大東建託	34	390	削除		ブランドKW				ブランドKW
628	仲介手数料 代理	23	10	記事	Know（業界の仕組み・慣習を知りたい）	業界の仕組み	article-03	/tools/brokerage/about	仲介手数料とは？仕組みを分かりやすく解説	トピック「業界の仕組み」
629	仲介手数料 だいたいいくら	43	0	削除						
630	仲介手数料 誰が決める	N/A	0	削除						
631	仲介手数料 出し方	30	10	記事	Know（手数料の計算ルールを知りたい）	その他（要確認）	article-03	/tools/brokerage/about	仲介手数料とは？仕組みを分かりやすく解説	その他 → article-03に振り分け
632	仲介手数料 誰が払う 賃貸	41	0	削除						
633	仲介手数料 代理手数料	N/A	0	削除						
634	digroom 仲介手数料	N/A	0	削除						
635	仲介手数料 デメリット	28	0	削除						
636	仲介手数料 電卓	N/A	0	削除						
637	仲介手数料 なし デメリット	26	50	記事	Know（無料の裏側・デメリットが不安）	無料の仕組み	article-02	/tools/brokerage/free	仲介手数料が無料のからくりとデメリット	トピック「無料の仕組み」
638	仲介手数料 安い デメリット	24	10	記事	Buy（手数料を安くする方法を探したい）	安くする方法	article-08	/tools/brokerage/discount	仲介手数料が安い不動産会社の選び方	トピック「安くする方法」
639	賃貸 仲介手数料 無料 デメリット	42	70	記事	Know（賃貸で手数料を安くする方法を知りたい）	賃貸特化	article-04	/tools/brokerage/rental	賃貸の仲介手数料ガイド	トピック「賃貸特化」
640	オープンハウス ディベロップメント 仲介手数料	39	10	削除		ブランドKW				ブランドKW
641	ディールーム 仲介手数料	29	0	削除						
642	ディーラー 仲介手数料	N/A	0	削除						
643	電話問い合わせ 仲介手数料	27	10	記事	Know（業界の仕組み・慣習を知りたい）	その他（要確認）	article-03	/tools/brokerage/about	仲介手数料とは？仕組みを分かりやすく解説	その他 → article-03に振り分け
644	仲介手数料 どこに書いてある	39	50	記事	Do（請求された手数料が正しいか確認したい）	確認方法	article-12	/tools/brokerage/payment	仲介手数料はいつ誰が払う？	トピック「確認方法」
645	仲介手数料 どれくらい	N/A	40	記事	Know（いくら払うのか相場を知りたい）	相場ガイド	article-01	/tools/brokerage/market-rate	仲介手数料の相場【物件タイプ別】	トピック「相場ガイド」
646	仲介手数料 どちらが払う	33	40	記事	Know（誰が負担するのかわからない）	支払い・負担者	article-12	/tools/brokerage/payment	仲介手数料はいつ誰が払う？	トピック「支払い・負担者」
647	仲介手数料 どこが安い	32	20	記事	Buy（手数料を安くする方法を探したい）	安くする方法	article-08	/tools/brokerage/discount	仲介手数料が安い不動産会社の選び方	トピック「安くする方法」
648	仲介手数料 どこも同じ	26	0	削除						
649	仲介手数料 どのくらい値切れる	N/A	0	削除						
650	仲介手数料 どのタイミング	31	0	削除						
651	仲介手数料 どこまで値切れる	N/A	0	削除						
652	仲介手数料 どこに払う	28	0	削除						
653	仲介手数料 どこまで下げれる	44	0	削除						
654	仲介手数料 売買	29	1600	記事	Know（売買の手数料ルールを知りたい）	売買特化	article-05	/tools/brokerage/purchase	売買の仲介手数料ガイド	トピック「売買特化」
655	仲介手数料 媒介契約書	N/A	0	削除						
656	仲介手数料 媒介	47	10	記事	Know（契約・書類の手続きを知りたい）	契約・書類	article-15	/tools/brokerage/documents	仲介手数料の契約書・印紙・手付金	トピック「契約・書類」
657	仲介手数料 売買 上限	45	30	記事	Know（法律上の上限ルールを確認したい）	法律・規制	article-07	/tools/brokerage/law	仲介手数料の上限と法律	トピック「法律・規制」
658	仲介手数料 売却	27	140	記事	Know（売却時の手数料を把握したい）	売買特化	article-05	/tools/brokerage/purchase	売買の仲介手数料ガイド	トピック「売買特化」
659	仲介手数料 売買 計算	44	70	計算ページ	Do（正確な金額を計算したい）	（計算ページ）	pillar	/tools/brokerage	仲介手数料シミュレーター【2026最新】	計算ページ → ピラー
660	仲介手数料 売買 両手	N/A	10	記事	Know（売買の手数料ルールを知りたい）	売買特化	article-05	/tools/brokerage/purchase	売買の仲介手数料ガイド	トピック「売買特化」
661	仲介手数料 売買 不動産	32	3600	記事	Know（売買の手数料ルールを知りたい）	売買特化	article-05	/tools/brokerage/purchase	売買の仲介手数料ガイド	トピック「売買特化」
662	仲介手数料 売買価格 消費税	26	10	記事	Know（売買の手数料ルールを知りたい）	売買特化	article-05	/tools/brokerage/purchase	売買の仲介手数料ガイド	トピック「売買特化」
663	仲介手数料 ビッグ	26	0	削除						
664	仲介手数料 ビジネス	71	10	記事	Know（特定会社の手数料を知りたい）	その他（要確認）	article-03	/tools/brokerage/about	仲介手数料とは？仕組みを分かりやすく解説	その他 → article-03に振り分け
665	仲介手数料 ビジネス用語	27	0	削除						
666	ビジョンエステート 仲介手数料	24	20	削除		ブランドKW				ブランドKW
667	不動産 ビッグ 仲介手数料	25	20	削除		ブランドKW				ブランドKW
668	ビレッジハウス 仲介手数料	25	10	削除		ブランドKW				ブランドKW
669	ビズリーチ 仲介手数料	48	0	削除						
670	ビル売買 仲介手数料	42	0	削除						
671	ビッグ 仲介手数料	N/A	50	削除		ブランドKW				ブランドKW
672	ビッグ 賃貸 仲介手数料	27	0	削除						
673	仲介手数料 物件価格	42	10	記事	Know（手数料の計算ルールを知りたい）	その他（要確認）	article-10	/tools/brokerage/property-type	物件タイプ別の仲介手数料	その他 → article-10に振り分け
674	仲介手数料 物件	48	40	記事	Know（手数料の計算ルールを知りたい）	その他（要確認）	article-10	/tools/brokerage/property-type	物件タイプ別の仲介手数料	その他 → article-10に振り分け
675	仲介手数料 分割	30	30	記事	Know（支払い方法の選択肢を知りたい）	支払い・負担者	article-12	/tools/brokerage/payment	仲介手数料はいつ誰が払う？	トピック「支払い・負担者」
676	仲介手数料 物件価格 消費税	27	0	削除						
677	仲介手数料 分割払い	30	10	記事	Know（支払い方法の選択肢を知りたい）	支払い・負担者	article-12	/tools/brokerage/payment	仲介手数料はいつ誰が払う？	トピック「支払い・負担者」
678	仲介手数料 物件購入	N/A	0	削除						
679	仲介手数料 分譲	43	40	記事	Know（自分の物件タイプの手数料を知りたい）	その他（要確認）	article-10	/tools/brokerage/property-type	物件タイプ別の仲介手数料	その他 → article-10に振り分け
680	仲介手数料 物件によって違う	24	0	削除						
681	仲介手数料 分譲マンション	42	10	記事	Know（自分の物件タイプの手数料を知りたい）	物件タイプ別	article-10	/tools/brokerage/property-type	物件タイプ別の仲介手数料	トピック「物件タイプ別」
682	仲介手数料 別名	25	0	削除						
683	仲介手数料 別の不動産	22	0	削除						
684	仲介手数料 弁護士	27	10	記事	Know（特殊なケースの手数料を知りたい）	その他（要確認）	article-07	/tools/brokerage/law	仲介手数料の上限と法律	その他 → article-07に振り分け
685	仲介手数料 勉強	46	0	削除						
686	仲介手数料 別途	47	0	削除						
687	仲介手数料 簿価	19	0	削除						
688	仲介手数料 簿記	52	30	記事	Do（仕訳・勘定科目を調べたい）	会計処理	article-09	/tools/brokerage/accounting	仲介手数料の勘定科目・仕訳・経費処理	トピック「会計処理」
689	仲介手数料 ぼったくられた	40	10	記事	Know（請求された金額が違法でないか確認したい）	その他（要確認）	article-07	/tools/brokerage/law	仲介手数料の上限と法律	その他 → article-07に振り分け
690	仲介手数料 パーセント	42	40	記事	Know（手数料の計算ルールを知りたい）	その他（要確認）	article-03	/tools/brokerage/about	仲介手数料とは？仕組みを分かりやすく解説	その他 → article-03に振り分け
691	不動産 仲介手数料 パーセント	N/A	10	記事	Know（不動産取引の手数料全体を知りたい）	不動産関連	article-08	/tools/brokerage/discount	仲介手数料が安い不動産会社の選び方	トピック「不動産関連」
692	paypay 仲介手数料	33	20	削除		ブランドKW				ブランドKW
693	パークダイレクト 仲介手数料	34	0	削除						
694	パークアクシス 仲介手数料	N/A	10	記事	Know（特定会社の手数料を知りたい）	その他（要確認）	article-03	/tools/brokerage/about	仲介手数料とは？仕組みを分かりやすく解説	その他 → article-03に振り分け
695	パナソニックホームズ 仲介手数料	37	0	削除						
696	パナソニックホームズ 賃貸 仲介手数料	37	0	削除						
697	パナソニックホームズ不動産 仲介手数料	40	0	削除						
698	パシフィックホーム 仲介手数料	N/A	0	削除						
699	パワーポート 仲介手数料	20	0	削除						
700	仲介手数料 ピタットハウス	34	720	削除		ブランドKW				ブランドKW
701	ぴたっとハウス 仲介手数料	N/A	0	削除						
702	ぴたっとはうす 仲介手数料	N/A	0	削除						
703	ピタットハウス 仲介手数料 キャンペーン	17	50	削除		ブランドKW				ブランドKW
704	ピタットハウス 仲介手数料 無料	24	30	削除		ブランドKW				ブランドKW
705	ピタットハウス 仲介手数料 割引	27	20	削除		ブランドKW				ブランドKW
706	ピタットハウス 仲介手数料 高い	N/A	20	削除		ブランドKW				ブランドKW
707	ピタットハウス 仲介手数料 交渉	N/A	20	削除		ブランドKW				ブランドKW
708	ピタットハウス 賃貸 仲介手数料	24	20	削除		ブランドKW				ブランドKW
709	ピタットハウス 仲介手数料 半額	N/A	10	削除		ブランドKW				ブランドKW
710	仲介手数料 プラス6万	25	0	削除						
711	仲介手数料 3 プラス6万円	25	40	計算ページ	Do（正確な金額を計算したい）	金額早見表	pillar	/tools/brokerage	仲介手数料シミュレーター【2026最新】	計算ページ → ピラー
712	不動産 仲介手数料 プラス6万	N/A	0	削除						
713	プライムコーポレーション 仲介手数料	34	30	削除		ブランドKW				ブランドKW
714	プランドゥシー 仲介手数料	40	0	削除						
715	プラスワン不動産 仲介手数料	N/A	0	削除						
716	プラスホーム 仲介手数料	N/A	0	削除						
717	プロパティバンク 仲介手数料	21	20	記事	Know（特定会社の手数料を知りたい）	その他（要確認）	article-03	/tools/brokerage/about	仲介手数料とは？仕組みを分かりやすく解説	その他 → article-03に振り分け
718	野村不動産 プラウド 仲介手数料	23	0	削除						
719	プレサンス 仲介手数料	N/A	0	削除						
720	ペアラボ 仲介手数料	24	20	削除		ブランドKW				ブランドKW
721	ペアローン 仲介手数料	22	0	削除						
722	ペイペイ 仲介手数料	N/A	0	削除						
723	仲介手数料 ポルトガル語	N/A	0	削除						
724	仲介手数料 ポラス	43	0	削除						
725	ポラス 仲介手数料 値引き	43	20	削除		ブランドKW				ブランドKW
726	ポラスの賃貸 仲介手数料	26	20	削除		ブランドKW				ブランドKW
727	ポラス 中古 仲介手数料	N/A	10	削除		ブランドKW				ブランドKW
728	ポラス 建売 仲介手数料	40	0	削除						
729	ポラス 分譲 仲介手数料	N/A	0	削除						
730	ポラスの分譲住宅 仲介手数料	N/A	0	削除						
731	ポラス 仲介手数料 賃貸	26	0	削除						
732	ポピンズシッター 仲介手数料	N/A	0	削除						
733	仲介手数料 誰に払う	44	30	記事	Know（誰が負担するのかわからない）	支払い・負担者	article-12	/tools/brokerage/payment	仲介手数料はいつ誰が払う？	トピック「支払い・負担者」
734	l-home 仲介手数料	22	10	削除		ブランドKW				ブランドKW
735	vision 不動産 仲介手数料	13	50	削除		ブランドKW				ブランドKW
736	vision 仲介手数料	18	0	削除						
737	ヴィックスリアルエステート 仲介手数料	25	20	削除		ブランドKW				ブランドKW
738	ヴィダックス 仲介手数料	36	10	削除		ブランドKW				ブランドKW
739	verus 仲介手数料	N/A	0	削除						
740	仲介手数料 line	42	0	削除						
741	仲介手数料 無料 line	38	20	記事	Know（無料の裏側・デメリットが不安）	無料の仕組み	article-02	/tools/brokerage/free	仲介手数料が無料のからくりとデメリット	トピック「無料の仕組み」
742	lakia 不動産 仲介手数料	25	110	削除		ブランドKW				ブランドKW
743	lifix 仲介手数料	18	30	削除		ブランドKW				ブランドKW
744	likeホーム 仲介手数料	N/A	0	削除						
745	lifull home's 仲介手数料	40	0	削除						
746	lixil 仲介手数料	N/A	0	削除						
747	lielu 仲介手数料	N/A	0	削除						
748	lixil不動産 仲介手数料	N/A	0	削除						
749	xrooms 仲介手数料	N/A	0	削除						


===== ページ別サマリー =====
ページID	URL	ページタイトル案	KW数	月間SV合計	検索意図タイプ
pillar	/tools/brokerage	仲介手数料シミュレーター【2026最新】	65	31990	Do（計算したい）
article-01	/tools/brokerage/market-rate	仲介手数料の相場【物件タイプ別】	19	17250	Know（相場を知りたい）
article-02	/tools/brokerage/free	仲介手数料が無料のからくりとデメリット	22	16900	Know（無料の仕組みを知りたい）
article-03	/tools/brokerage/about	仲介手数料とは？仕組みを分かりやすく解説	56	21860	Know（基礎を理解したい）
article-04	/tools/brokerage/rental	賃貸の仲介手数料ガイド	34	15630	Know（賃貸ルールを知りたい）
article-05	/tools/brokerage/purchase	売買の仲介手数料ガイド	17	11570	Know（売買ルールを知りたい）
article-06	/tools/brokerage/negotiation	仲介手数料の値引き交渉術【実体験】	29	8340	Do（交渉したい）
article-07	/tools/brokerage/law	仲介手数料の上限と法律	30	7420	Know（法律を確認したい）
article-08	/tools/brokerage/discount	仲介手数料が安い不動産会社の選び方	26	6180	Buy（安くしたい）
article-09	/tools/brokerage/accounting	仲介手数料の勘定科目・仕訳・経費処理	37	3750	Do（仕訳・経費処理したい）
article-10	/tools/brokerage/property-type	物件タイプ別の仲介手数料	20	3780	Know（物件タイプ別を知りたい）
article-11	/tools/brokerage/tax	仲介手数料の消費税・税金	18	2030	Know（税金を確認したい）
article-12	/tools/brokerage/payment	仲介手数料はいつ誰が払う？	30	1470	Know（支払い方法を知りたい）
article-13	/tools/brokerage/reform-2024	2024年仲介手数料の法改正	9	840	Know（法改正の影響を知りたい）
article-14	/tools/brokerage/breakdown	仲介手数料の内訳と料率	18	1110	Know（内訳・料率を知りたい）
article-15	/tools/brokerage/documents	仲介手数料の契約書・印紙・手付金	7	300	Know（書類手続きを知りたい）
合計			437	150420	


===== トピック統合ロジック =====
ターゲットURL	統合元トピック	統合理由
/tools/brokerage	計算ページ（64KW）+ ヘッドワード「仲介手数料」	計算機がメイン。ヘッドワードはH1で獲得
/tools/brokerage/about	基礎解説 + 不動産全般 + 仕組み解説 + 業界の仕組み	全て「仲介手数料とは何か」の基礎Know意図
/tools/brokerage/rental	賃貸特化 + 賃料・管理費関連 + 計算×テーマ複合	全て賃貸文脈のKW
/tools/brokerage/law	法律・規制 + 違法性の解説	法的判断は同一ページで完結
/tools/brokerage/discount	安い不動産会社 + 安くする方法 + 高い対処 + 節約・回避 + 比較・ランキング + 不動産関連	全て「安くしたい」Buy意図
/tools/brokerage/tax	消費税解説 + 税金関連	税金は1ページで完結
/tools/brokerage/payment	支払い・負担者 + ローン関連 + 確認方法	全て「いつ・どう払うか」
/tools/brokerage/breakdown	費用の内訳 + 初期費用比較	料率・金額の詳細
